Solar_Actual,Solar_Predicted,Wind_Actual,Wind_Predicted
0.8486660393966067,0.8317447,0.0311139174359867,0.030329492
0.9049989376878016,0.8972459,0.0409554084654241,0.04427151
0.9148329134670836,0.90223736,0.0384297160773384,0.050920095
0.8819922906486175,0.86614585,0.0339008883469778,0.046936493
0.7910887182444533,0.7839661,0.0334654241421355,0.04378576
0.6518347649254864,0.64167,0.0414126458805086,0.04208424
0.466112240871703,0.453312,0.0511888172792196,0.048091374
0.258293623091632,0.23553118,0.0587441212332346,0.058283143
0.0905089993019091,0.09057103,0.0614875457237415,0.045286406
0.0126263392721643,0.01860131,0.0781658247692039,0.06448402
6.0703554193098006e-05,0.005425796,0.1096934331997909,0.088218994
0.0,0.0022380054,0.1334697787841839,0.10763593
0.0,-0.0004548803,0.1401759275387563,0.12467118
0.0,-0.0008507073,0.1327294896359519,0.12063383
0.0,0.0003381744,0.120035708064797,0.102093056
0.0,0.0004299134,0.094952969865877,0.08976674
0.0,-0.00306651,0.0738765023515067,0.07455883
0.0,-0.0076836497,0.0533008186727051,0.06406766
0.000333869548062,-0.0046006814,0.0385821285490332,0.05286136
0.0229762952620875,0.010488309,0.0322025779480926,0.044712164
0.134731538531581,0.11469162,0.0244295418916565,0.027474072
0.3296506510456187,0.29881227,0.0085786448353945,0.025982387
0.5394117825598689,0.5335188,0.0016547639784009,0.015814718
0.7148754059550186,0.7017851,0.0,0.017520793
0.8306674355783531,0.8174364,0.0033095279568019,0.01704136
0.8864540018818102,0.8770349,0.007577077164257,0.017506149
0.8834491759492519,0.88323414,0.0092536143529001,0.020269778
0.8441739763863174,0.82911724,0.0092536143529001,0.020960897
0.7508119100373327,0.74704313,0.0102769552342797,0.02093783
0.6157161501805931,0.6028616,0.0153283400104511,0.02223076
0.4366710170880505,0.4294004,0.0237110259536666,0.031190298
0.2403557228275715,0.22088489,0.038168437554433,0.041141316
0.0844689956596958,0.08368815,0.0545636648667479,0.034287915
0.0110176950860472,0.017331935,0.0815406723567322,0.0642895
3.0351777096549003e-05,0.004276857,0.1144835394530569,0.095923066
0.0,0.0017880052,0.1361478836439644,0.11352741
0.0,-0.0006669536,0.1416347326249782,0.12544231
0.0,-0.00067505985,0.1304868489810137,0.121181816
0.0,0.0008588284,0.1184027172966382,0.09957519
0.0,0.0008304715,0.1036840271729663,0.08867695
0.0,-0.0024301186,0.0984802299251001,0.08244011
0.0,-0.0066534057,0.0949747430761191,0.082443066
0.0002731659938689,-0.0035256073,0.0951707019682982,0.080167025
0.0213069475217774,0.011702456,0.0985890959763107,0.082892895
0.1224087170303821,0.11191459,0.0915781222783487,0.07689374
0.2923179652168634,0.28761977,0.0689339836265459,0.06837829
0.4767960664096883,0.48110846,0.0473785054868489,0.054796793
0.6361428961665706,0.62293696,0.0399320675840445,0.047128856
0.7422527088961058,0.74219954,0.0458543807699007,0.046134014
0.8069930494430448,0.79157364,0.057350635777739,0.054703496
0.8019850062221143,0.8126435,0.0739635951924751,0.06845498
0.7583087989801803,0.74947035,0.0940820414561923,0.08543438
0.6616687407047682,0.67085505,0.11174011496255,0.10512089
0.5320059489483109,0.527057,0.1298336526737502,0.123200014
0.3691686648253255,0.3709191,0.1437467340184637,0.13955723
0.1965277567001548,0.2020073,0.1605338791151367,0.1460222
0.069110996448842,0.07592919,0.1831126981362132,0.15377729
0.0098339757792818,0.008608252,0.197091099111653,0.20947322
6.0703554193098006e-05,0.0015084594,0.2118751088660512,0.21717857
0.0,-0.00044825673,0.2045593102246995,0.21391973
0.0,-0.0021196604,0.1911034662950705,0.18919587
0.0,-0.0007577166,0.1735542588399233,0.16369486
0.0,0.0006844476,0.1686335133252046,0.14111906
0.0,0.00044959784,0.1650627068454973,0.14241916
0.0,-0.0017252341,0.1568324333739766,0.14319569
0.0,-0.0050964803,0.1538712767810486,0.13182378
0.0001821106625792,-0.0033164471,0.1622975091447483,0.13051099
0.0176647342701915,0.014139902,0.1723567322766068,0.14813295
0.1045011685434182,0.10560734,0.1748171050339662,0.15109114
0.2524053783349015,0.25485414,0.1548946176624281,0.15034504
0.4247731204662033,0.42923683,0.1303997561400453,0.1392226
0.5860017604030716,0.57158315,0.1085394530569587,0.12687756
0.6877712690078004,0.69814265,0.103074377286187,0.1139331
0.7413421555832094,0.7400956,0.1069935551297683,0.11300261
0.7525419613318359,0.748386,0.1226267200836091,0.118851066
0.7296870731781346,0.71217954,0.1325335307437728,0.13942367
0.6581175827844721,0.6534566,0.1506706148754572,0.14899081
0.5392600236743862,0.53750324,0.1735324856296812,0.16695516
0.3769994233162351,0.38476676,0.2061923009928583,0.18728453
0.2059368076000849,0.20625734,0.2239156941299425,0.21272959
0.0741797432239657,0.07764211,0.2125283051733147,0.22106887
0.0093786991228336,0.012207314,0.2374368576902978,0.21958897
0.0,0.0019884035,0.280787319282355,0.25847334
0.0,-0.0021263584,0.2970954537537014,0.30629596
0.0,-0.0030661598,0.3010581780177669,0.30102313
0.0,-0.0015019849,0.2749956453579515,0.28649372
0.0,-0.00082135946,0.2576641700052255,0.24397382
0.0,-0.00050439686,0.2681806305521686,0.22865419
0.0,-0.0014703497,0.2675492074551472,0.25848582
0.0,-0.0049932525,0.2589052429890263,0.25717533
0.0002124624396758,-0.006413989,0.2506967427277478,0.23940486
0.0187877500227638,0.005568713,0.2509580212506532,0.23306678
0.1169453971530033,0.09053885,0.2128984497474307,0.22390647
0.2903754514826843,0.28020525,0.14196133077861,0.17285837
0.4954927611011624,0.4827849,0.1149190036578993,0.11019799
0.6619722584757337,0.6476793,0.1288974046333391,0.11206566
0.7812243906880748,0.7670946,0.1651280264762236,0.15196645
0.8479679485233861,0.8357365,0.2108735411949137,0.19453426
0.854766746593013,0.85291165,0.246320327469082,0.24319887
0.7826509242116126,0.81305957,0.2607341926493642,0.27652788
0.6584211005554376,0.68678725,0.2625849155199442,0.28118253
0.504476887121741,0.5297071,0.2766068629158683,0.2755397
0.33790633441588,0.3456901,0.2986413516808918,0.2928715
0.1758581964974049,0.17859033,0.3330430238634384,0.31447035
0.0612498861808358,0.060465984,0.3515284793589966,0.34726933
0.0071023158405924,0.0069963783,0.3814013238111827,0.37790394
0.0,-6.09681e-05,0.4290411078209371,0.40547302
0.0,-0.0043555275,0.4201358648319108,0.4530822
0.0,-0.004133366,0.4116007664170005,0.40455076
0.0,-0.002989255,0.3915911862044939,0.38084507
0.0,-0.0018811673,0.3666390872670266,0.35891247
0.0,-0.0010041818,0.3541848110085351,0.3330632
0.0,-0.0008376762,0.3344582825291761,0.32756132
0.0,-0.003076613,0.3176929106427452,0.3048359
0.0002124624396758,-0.0057329983,0.3060877895836962,0.28999808
0.0190002124624396,0.0028213486,0.2901715728967078,0.2877323
0.1187058002246031,0.10204384,0.2434244905068803,0.2514634
0.3026679212067866,0.29642874,0.1776258491551994,0.19331554
0.5111846298600783,0.50972754,0.132555303954015,0.14670081
0.6851913679545938,0.6739893,0.1311182720780352,0.12967995
0.8028045042037212,0.7977762,0.1607733844278,0.14897123
0.8680001214071084,0.8554387,0.1841360390175927,0.18767841
0.8696391173703221,0.86974484,0.1981579864135168,0.20762062
0.8156129541384648,0.8167147,0.2090228183243337,0.21834317
0.6827328740097732,0.72043234,0.2090010451140916,0.22922009
0.5359820317479589,0.5313178,0.2191691342971607,0.2227457
0.3602452423589401,0.36535063,0.2445131510189862,0.23222494
0.1873008164628039,0.17938921,0.2803954014979968,0.26303622
0.0666525025040216,0.058492534,0.308090924925971,0.2980957
0.0079218138221992,0.008770697,0.3295375370144574,0.34207594
0.0,0.002414547,0.369099460024386,0.35287252
0.0,-0.0011922568,0.365223828601289,0.388009
0.0,-0.0019703507,0.3447134645532137,0.35411394
0.0,-0.0015448853,0.3199137780874412,0.3122325
0.0,-0.00012419373,0.3081780177669395,0.28651425
0.0,-0.00026842207,0.302908900888347,0.28541818
0.0,-0.0019264221,0.2891700052255704,0.2859383
0.0,-0.005308561,0.2634558439296289,0.26592815
0.0001821106625792,-0.007299505,0.2322983800731579,0.23224221
0.0183628251434121,0.005735941,0.2109606340358822,0.19759837
0.0993110146599083,0.102366075,0.1696568542065842,0.1673899
0.2274562175615382,0.25637162,0.1167914997387214,0.1276556
0.3612772027802228,0.39344206,0.0928191952621494,0.089944586
0.4713023947552129,0.48112056,0.0961287232189514,0.08553198
0.5243573011199806,0.5507534,0.1086700923184114,0.10259323
0.5442073633411236,0.5544849,0.121690472043198,0.11971566
0.5339181109053935,0.54725796,0.1343624804041107,0.13313119
0.5018969860685343,0.5078552,0.1549599372931545,0.14866835
0.4329984520593681,0.45304817,0.1702882773036056,0.1737399
0.3471636264303275,0.35198876,0.1829385124542762,0.18514812
0.2473062797826812,0.25668827,0.1854642048423619,0.18597908
0.1431693325644216,0.14927542,0.1949790977181675,0.18302056
0.0559990287431329,0.061084356,0.1934767462114614,0.19045986
0.0060096518651167,0.008518413,0.1967862741682633,0.20119014
0.0,0.0010680929,0.2096106950008709,0.20458579
0.0,-0.0007080212,0.2037537014457411,0.2131418
0.0,-0.0015482679,0.1897535272600592,0.19587962
0.0,-0.002327785,0.1697221738373105,0.17109835
0.0,-0.0014525279,0.1429193520292632,0.14388874
0.0,-0.0018447861,0.1291586831562445,0.11285667
0.0,-0.0033675805,0.1131553736282877,0.10326994
0.0,-0.0051244125,0.1079515763804215,0.089300655
9.105533128964702e-05,-0.0034007728,0.1109345061835917,0.08893169
0.0123228215011988,0.017615326,0.1103030830865702,0.10091187
0.0627371232585667,0.090836585,0.0849155199442605,0.09279021
0.1551582845175585,0.17781705,0.0671485803866922,0.07038172
0.2705253892615412,0.27503067,0.0508186727051036,0.059295375
0.3770297750933317,0.3815222,0.0412384601985716,0.052603114
0.456156857984035,0.45350108,0.0368620449399059,0.04981446
0.5148571948887607,0.49738765,0.0379724786622539,0.04759569
0.5520684736091298,0.53430754,0.043328688381815,0.050131716
0.5474246517133579,0.54658777,0.0448963595192475,0.056852385
0.4928218047166661,0.4984544,0.0504703013412297,0.05714979
0.3928430509606337,0.40393838,0.0574595018289496,0.059165012
0.270677148147024,0.27132693,0.0605730708935725,0.06308493
0.1543691383130482,0.14120722,0.0663429716077338,0.05840048
0.055786566303457,0.060701415,0.0635124542762584,0.05395527
0.0059489483109236,0.009722199,0.0572635429367706,0.06673376
0.0,0.0037551373,0.0614222260930151,0.0581107
0.0,0.002287589,0.0672792196481449,0.05194914
0.0,0.00043282658,0.0686509318933983,0.05718761
0.0,0.0008092001,0.0625979794460895,0.057953574
0.0,0.0018476322,0.0554563664866748,0.04932808
0.0,0.0012015775,0.0487502177321024,0.045162275
0.0,-0.00028199703,0.0407159031527608,0.043338075
0.0,-0.00081799924,0.0392135516460546,0.039719906
6.0703554193098006e-05,0.0010696277,0.0422835742901933,0.040446427
0.0113212128570127,0.007865012,0.0480099285838704,0.04422258
0.0733602452423589,0.060671236,0.0478792893224176,0.040490463
0.183051567669287,0.1798372,0.0367749520989374,0.037121497
0.3169939599963577,0.31745103,0.0286535446786274,0.030810207
0.4620147509636689,0.43356088,0.0280656680020902,0.03054997
0.5738306977873554,0.5598126,0.0276302037972478,0.03675114
0.6288281178863022,0.63626516,0.0303736282877547,0.03882903
0.6365981728230188,0.6344917,0.0319195262149451,0.03991905
0.5901903056423954,0.59848744,0.0340315276084305,0.040112585
0.5201991076577533,0.5073159,0.0412166869883295,0.043013163
0.4259264879958722,0.4132072,0.0514718690123671,0.0513563
0.2953227911494218,0.29673466,0.0644051558961853,0.06137935
0.1664491455974747,0.15306523,0.0715903152760843,0.066164054
0.0609767201869669,0.06607898,0.0759014109040236,0.057729043
0.0061310589735028,0.011395492,0.0789061139174359,0.07534594
0.0,0.0024546608,0.0837833130116704,0.07944222
0.0,0.0010210276,0.0964553213725831,0.07168556
0.0,-0.001681067,0.0967601463159728,0.08261365
0.0,9.1575086e-05,0.0907942867096324,0.081057295
0.0,0.0012500137,0.0891830691517157,0.06982555
0.0,0.0006695315,0.082781745340533,0.068815395
0.0,-0.0015343949,0.0754877199094234,0.065978736
0.0,-0.0041616336,0.0734628113569064,0.061846342
9.105533128964702e-05,-0.0019050464,0.0793851245427625,0.0594947
0.0145081494521504,0.0035832748,0.0883339139522731,0.06671313
0.1018605639360184,0.066660054,0.083892179062881,0.072284
0.2658512155886727,0.23457676,0.0545418916565058,0.06562639
0.4686314383707166,0.44270483,0.0317888869534924,0.04341235
0.654748535526755,0.62138134,0.052190384950357,0.03481166
0.7915136431238049,0.750463,0.0841970040062706,0.06933805
0.8537651379488269,0.83356416,0.1021163560355338,0.1059314
0.8458736759037242,0.83533305,0.1070806479707368,0.114257336
0.7992229945063284,0.77962637,0.1099329385124542,0.1121524
0.6992442407502959,0.69312084,0.1106950008709284,0.11678806
0.5544662639997572,0.5438412,0.1183156244556697,0.119473055
0.3710504750053116,0.36189586,0.1314448702316669,0.12522246
0.1901538835098795,0.18133801,0.1408508970562619,0.13313311
0.0594287795550429,0.06703987,0.1501262846194042,0.13133514
0.0052508574377029,0.0083595775,0.1807829646403065,0.16890179
0.0,0.0002689138,0.2298815537362828,0.20601642
0.0,-0.0022869706,0.2650670614875457,0.2540923
0.0,-0.0044080094,0.2674621146141787,0.27858028
0.0,-0.0020842701,0.2629986065145445,0.25581563
0.0,-0.00034356117,0.2377416826336875,0.24108246
0.0,-0.0002650097,0.1973523776345584,0.20952347
0.0,-0.0006766096,0.1657159031527608,0.1559646
0.0,-0.005146198,0.1500609649886779,0.12849674
6.0703554193098006e-05,-0.0056647807,0.1338399233582999,0.12219678
0.0134458372537712,0.0065995455,0.1174664692562271,0.10930943
0.0859865845145233,0.08718963,0.1031614701271555,0.0889345
0.2063920842565332,0.23511294,0.0635995471172269,0.07239027
0.3293167814975566,0.37055206,0.0437641525866573,0.046334904
0.4263210610981273,0.4462981,0.0514065493816408,0.04069651
0.4828967736060946,0.49547145,0.0667131161818498,0.058784984
0.5425380156008134,0.5160786,0.0687597979446089,0.07775387
0.5804473851944031,0.5731603,0.0571764500958021,0.07861151
0.5571372203842535,0.5841826,0.0616617314056784,0.06774037
0.4834431055938325,0.50657797,0.0720475526911687,0.07268434
0.394573102255137,0.39318874,0.0741813272948963,0.081710115
0.2699790572738034,0.2868353,0.0755748127503919,0.081602156
0.1459313442802076,0.14430556,0.0851332520466817,0.073811606
0.0519622423892918,0.054269627,0.0867444696045985,0.0722601
0.0046438218957719,0.007558465,0.092383731057307,0.08678524
0.0,0.0015827194,0.0813011670440689,0.091737196
0.0,0.0018009022,0.0754877199094234,0.065697566
0.0,0.0010822043,0.0754441734889392,0.05718076
0.0,0.000915654,0.0723523776345584,0.062302798
0.0,0.0010055751,0.0706758404459153,0.05963808
0.0,0.000266172,0.0779480926667827,0.0571528
0.0,-0.0017670095,0.0799512280090576,0.06461821
0.0,-0.0040403903,0.0835655809092492,0.06701901
3.0351777096549003e-05,-0.0018306375,0.0869839749172618,0.06843302
0.0098643275563784,0.017297804,0.0895532137258317,0.07404568
0.0728746168088141,0.07934194,0.0799947744295418,0.071805194
0.1963456460375755,0.18853757,0.0625326598153631,0.065250024
0.3599720763650711,0.34262928,0.0484453927887127,0.050720204
0.5093635232342854,0.4963087,0.0563926145270858,0.048160933
0.6054572495219596,0.60453117,0.0693694478313882,0.06497971
0.6321971651440191,0.654968,0.0816277651977007,0.08095788
0.6351412875223844,0.62591106,0.0960416303779829,0.08870299
0.5843020608856648,0.59998447,0.1058613481971781,0.10488252
0.5288493641302698,0.5043549,0.0981536317714683,0.11656471
0.4396454912435123,0.4350731,0.0980012192997735,0.101895675
0.2958084195829666,0.30927774,0.0872234802299251,0.10312998
0.1647190943029714,0.14734814,0.0661252395053126,0.08094147
0.0538440525692779,0.06374058,0.0532572722522208,0.04542578
0.0040064345767444,0.010455072,0.050339662079777,0.051067054
0.0,0.0035104454,0.0493816408291238,0.052135073
0.0,0.0024296269,0.040759449573245,0.04231822
0.0,0.0016865656,0.0409771816756662,0.033948716
0.0,0.002971977,0.041499738721477,0.036002543
0.0,0.0032397136,0.0384950357080648,0.03913368
0.0,0.0017635226,0.0367531788886953,0.038752604
0.0,-0.00027193874,0.040389304999129,0.039100386
0.0,-0.0017825738,0.0479010625326598,0.04276546
3.0351777096549003e-05,-0.0003284663,0.0500566103466295,0.04788994
0.0109266397547576,0.005765997,0.0509710851767984,0.050117806
0.1003126233040944,0.071739234,0.0449616791499738,0.038803525
0.2866118311227122,0.23533437,0.027847935899669,0.035628177
0.5106079460952438,0.47868642,0.0178322591882947,0.026011325
0.6885907669894072,0.67657954,0.0209458282529176,0.028272465
0.7828330348741919,0.7718911,0.0227965511234976,0.03695855
0.7939417852915288,0.8040993,0.0291107820937118,0.032777373
0.7784016754180957,0.75998884,0.031897753004703,0.033494286
0.7323276777855343,0.71609604,0.0322243511583347,0.038320627
0.6561447172731963,0.6271708,0.0293067409858909,0.040683858
0.544723343551765,0.52042687,0.030242989026302,0.039358776
0.3807933954533038,0.37041345,0.0340968472391569,0.041346677
0.1987737882052994,0.1850102,0.0417392440341403,0.042786866
0.05760767292925,0.065530844,0.0548902630203797,0.03333833
0.0032476401493307,0.011853181,0.0816495384079428,0.06837697
0.0,0.0016428307,0.1183809440863961,0.09337577
0.0,0.00033391267,0.1674795331823724,0.118302725
0.0,-0.0033877268,0.2149451315101898,0.17794593
0.0,-0.0019327328,0.2538320850026128,0.23222077
0.0,-0.0019105598,0.2802212158160599,0.26689917
0.0,-0.0015400127,0.2860564361609475,0.28497612
0.0,-0.0021049902,0.2786970910991116,0.2769364
0.0,-0.0046997145,0.2428366138303431,0.25693917
3.0351777096549003e-05,-0.007723354,0.2218690123671834,0.20472671
0.0098643275563784,0.001820989,0.2324290193346107,0.18781571
0.0721461741584969,0.07970779,0.2180151541543285,0.20514163
0.1874829271253832,0.22056171,0.1788233757185159,0.18240657
0.3488633259477342,0.34828687,0.1409379898972304,0.15309429
0.5310346920812213,0.49965248,0.1405242989026302,0.12218079
0.70677148147024,0.6584809,0.1444434767462114,0.14908102
0.7865663034570675,0.8028308,0.1448571677408117,0.16682108
0.7807084104774334,0.7981179,0.1428540323985368,0.15979773
0.735514614380672,0.7429583,0.1345584392962898,0.14822534
0.6417276231523356,0.65116894,0.1176624281484062,0.14205942
0.518408352809057,0.5118445,0.0993511583347848,0.1256071
0.35338574073512,0.35242715,0.0790367531788887,0.105619416
0.182444532127356,0.17189151,0.0660599198745863,0.07937123
0.0515676692870367,0.05736565,0.0657550949311966,0.052054394
0.0026709563844963,0.008988254,0.0961504964291935,0.06876226
0.0,0.0017078146,0.1450748998432328,0.10793015
0.0,-0.00050150603,0.2080212506531963,0.15907666
0.0,-0.0061231926,0.2726876850722871,0.23689479
0.0,-0.0044518784,0.3335438076990071,0.30456915
0.0,-0.0031553581,0.3684027172966382,0.36135042
0.0,-0.0027706698,0.3603248562968124,0.38295254
0.0,-0.0024215654,0.3591055565232537,0.34452474
0.0,-0.0015286133,0.3814013238111827,0.33996227
6.0703554193098006e-05,-0.0024103075,0.379986065145445,0.38382822
0.0105017148754059,-0.0050024167,0.3935507751262846,0.3773899
0.0856830667435578,0.038688567,0.4148885211635603,0.38709292
0.2436337147539988,0.22395033,0.3800731579864135,0.39970285
0.417185176192066,0.4519704,0.3189775300470301,0.3472425
0.5575317934865086,0.57730097,0.2943302560529524,0.29768902
0.6486478283303487,0.65974855,0.2942867096324682,0.294079
0.724679029957204,0.7082678,0.2954624629855426,0.30695122
0.7514189455792637,0.76156163,0.2979663821633861,0.31348917
0.7086532916502262,0.7295556,0.3138608256401324,0.3197765
0.6081282059064558,0.63806915,0.3311052081518899,0.33549047
0.4685403830394269,0.4933903,0.3167566626023341,0.34528643
0.3169636082192612,0.32000175,0.2959414736108692,0.32220894
0.1580113515646341,0.16262811,0.2670701968298206,0.28620055
0.0441314838983822,0.053013623,0.2532659815363177,0.24277703
0.0027013081615928,0.0073737428,0.2557916739244034,0.2596439
0.0,0.0012138858,0.2477138129245776,0.26481152
0.0,0.0002573505,0.2423793764152586,0.23887525
0.0,-0.002566956,0.2414213551646054,0.22733521
0.0,-0.001718536,0.2401802821808047,0.22829333
0.0,-0.001847513,0.2398972304476572,0.22905405
0.0,-0.0023035184,0.2465162863612611,0.23048681
0.0,-0.003264144,0.2591665215119317,0.24000707
0.0,-0.0058242157,0.2896272426406549,0.2556283
3.0351777096549003e-05,-0.0072147325,0.3080473785054868,0.29767877
0.0067987980696269,-0.0015561506,0.3527913255530395,0.3189559
0.0422800254954927,0.06630985,0.3674229228357429,0.36140466
0.1162776580568792,0.16429675,0.3599329385124543,0.35998935
0.1930980058882447,0.26089665,0.362828775474656,0.3375653
0.2972653048836009,0.2993043,0.4022600592231318,0.35596845
0.3801863599113728,0.3880944,0.4578035185507751,0.42700356
0.4302364403435821,0.42510363,0.4886343842536143,0.50418377
0.4636537469268825,0.44867012,0.4987153805957151,0.5151732
0.4675691261723373,0.46533862,0.5098850374499216,0.50894016
0.4506935381066561,0.43504336,0.5263238111827208,0.52909607
0.3868030473184205,0.40502766,0.5117575335307437,0.5436814
0.2800558472698576,0.30347496,0.4909858909597631,0.50239134
0.1568883358120618,0.16491804,0.4626589444347674,0.46842834
0.0485628433544784,0.055600263,0.3911339487894095,0.43428212
0.0022460315051446,0.0040168166,0.3682720780351855,0.3527035
0.0,0.00050552934,0.3658334784880683,0.3494709
0.0,-0.0037401617,0.3969909423445392,0.36088926
0.0,-0.0047620162,0.3980142832259188,0.40615663
0.0,-0.0049756914,0.3885647099808396,0.38779312
0.0,-0.0039723217,0.3742814840620101,0.36271536
0.0,-0.0030794218,0.3493293851245427,0.34858775
0.0,-0.0026382506,0.3493729315450269,0.31989282
0.0,-0.0027318448,0.3522905417174708,0.3324303
3.0351777096549003e-05,-0.004046984,0.3647883643964466,0.34481415
0.0078307584909096,-0.0012623742,0.3736065145445044,0.3673631
0.063799435456946,0.039210677,0.3716686988329559,0.37327826
0.1876346860108659,0.16725554,0.3981013760668873,0.35693634
0.3639481591647191,0.3329275,0.4658596063403588,0.401116
0.5046286460072237,0.50874686,0.5038103117923707,0.5094862
0.5634807417974322,0.6052673,0.5381466643441909,0.52637637
0.5804473851944031,0.59308356,0.5497517854032399,0.54917026
0.5775943181473275,0.5943301,0.559549730012193,0.5490985
0.5539502837891158,0.5460741,0.5541935202926319,0.57515025
0.49524994688439,0.5102274,0.5421964814492248,0.5620984
0.4261996539897411,0.41409698,0.533552516983104,0.5423794
0.3091328497283516,0.33276722,0.4985847413342623,0.53290695
0.1669044222539229,0.17800842,0.4463290367531788,0.47483486
0.0463775154035268,0.055698156,0.3688817279219648,0.40071917
0.0018211066257929,0.0068673417,0.3221128723218951,0.32651693
0.0,0.0022914037,0.3025169831039888,0.2953504
0.0,0.0002431646,0.287428148406201,0.28597766
0.0,-0.0023454577,0.2642179062881031,0.27164894
0.0,-0.0013154671,0.2478009057655461,0.23898117
0.0,-0.0007439777,0.2377634558439296,0.22360592
0.0,-0.0010943189,0.2324725657550949,0.22170626
0.0,-0.002426058,0.2042327120710677,0.22037509
0.0,-0.006177731,0.1898406201010277,0.18045178
3.0351777096549003e-05,-0.0054821894,0.1894051558961853,0.16564317
0.0089234224663854,0.0051743314,0.1807829646403065,0.1766335
0.0756366285246001,0.08366821,0.1688294722173837,0.15971623
0.1991076577533614,0.2156741,0.1506923880856993,0.13762291
0.3382402039639421,0.35841176,0.1529132555303954,0.13545597
0.4623789722888275,0.46713552,0.179019334610695,0.15380645
0.5284851428051113,0.5549711,0.2106340358822504,0.19695872
0.5327343915986281,0.5699858,0.2275735934506183,0.23303548
0.5161319695268158,0.52738076,0.228248562968124,0.24403003
0.4953713539927762,0.49135557,0.2431632119839749,0.23988625
0.463289525601724,0.45030257,0.2681588573419265,0.2654873
0.3873493793061583,0.4007558,0.2597108517679846,0.2940451
0.278416851306644,0.2983005,0.2502395053126633,0.2608062
0.1496949646401796,0.16391167,0.2351724438251175,0.22967687
0.0431298752541961,0.053726688,0.1988547291412646,0.21309811
0.0015479406319239,0.008594647,0.1767331475352726,0.19094694
0.0,0.0024188533,0.163908726702665,0.16617993
0.0,0.00041862577,0.1635821285490332,0.14856261
0.0,-0.002835624,0.1619709109911165,0.15349089
0.0,-0.0019460097,0.1437902804389479,0.15077354
0.0,-0.0016657934,0.1302908900888346,0.12112088
0.0,-0.0012696758,0.1136997038843407,0.10478786
0.0,-0.0032774955,0.1044243163211983,0.09001543
0.0,-0.005764015,0.0969125587876676,0.084670484
0.0,-0.004045494,0.0871799338094408,0.08004604
0.0082253315931647,0.011898331,0.0781222783487197,0.07386084
0.0973077973715361,0.08296329,0.0781658247692039,0.059266575
0.2742283060673202,0.2276636,0.0823898275561748,0.066813216
0.4454123288918566,0.45931694,0.0921006793241595,0.077530414
0.5705223540838316,0.5772395,0.1257838355687162,0.1024912
0.621907912708289,0.64647007,0.1701358648319108,0.14465375
0.6335326433362674,0.6490346,0.2150322243511583,0.1915879
0.611618660272559,0.6335774,0.2469082041456192,0.24020173
0.5332503718092695,0.58058137,0.2595148928758056,0.27165967
0.4268370413087686,0.4516944,0.2973131858561226,0.2772448
0.3396363857103833,0.31402168,0.3380073157986413,0.32307878
0.2352869760524478,0.24239132,0.3844713464553214,0.36789262
0.1137584605578656,0.13369483,0.4180238634384253,0.4114813
0.0290162989043008,0.029269189,0.4371625152412471,0.43026868
0.0008498497587033,0.00017403811,0.4690602682459501,0.45051026
0.0,-0.004639156,0.5503178888695349,0.48388946
0.0,-0.0061994568,0.6015284793589967,0.58922064
0.0,-0.004135385,0.6390872670266504,0.620381
0.0,-0.0024413094,0.6729881553736283,0.63755965
0.0,-0.00106024,0.7000087092840969,0.6732192
0.0,0.00020235777,0.7148362654589793,0.69961447
0.0,0.0009017959,0.724547117226964,0.7080027
0.0,0.0010762066,0.7341926493642222,0.71573853
0.0,0.001455836,0.740049642919352,0.72616744
0.0063435214131787,0.0049905814,0.7756706148754572,0.7281293
0.066015115184994,0.072661094,0.8013847761713987,0.77023613
0.1974079582359547,0.18346018,0.8438860825640132,0.80142796
0.3256138646917777,0.33278903,0.9087920222957672,0.8614129
0.4148784411327283,0.40706745,0.9294983452360216,0.9418827
0.4787082283667709,0.47186223,0.930674098589096,0.9138541
0.5151910644368228,0.4992762,0.9304128200661904,0.91446877
0.5398367074392205,0.5141922,0.9416260233408814,0.92389715
0.5195617203387258,0.5108995,0.9358996690472045,0.9386351
0.4572495219595107,0.45259133,0.9291717470823898,0.9180895
0.3629161987434364,0.35339388,0.9402978575161122,0.91345805
0.2348620511730962,0.23631814,0.9392091970040064,0.93195975
0.1104501168543418,0.10730539,0.9218994948615225,0.9081812
0.0252526785443287,-0.001846075,0.8913952273123149,0.8878653
0.0005159802106413,-0.010564387,0.8509188294722174,0.860381
0.0,-0.0063289776,0.8021250653196307,0.82140243
0.0,-0.0039284527,0.75370144574116,0.76595724
0.0,-0.0034594312,0.7174490506880334,0.71283394
0.0,-0.00285279,0.696524995645358,0.6831646
0.0,-0.0022219643,0.6574856296812401,0.67578685
0.0,-0.0011931509,0.5917305347500436,0.6314117
0.0,-0.0025534853,0.5357516112175579,0.54654896
0.0,-0.0051400214,0.5073593450618359,0.49295467
0.0,-0.0059672818,0.4674925971085176,0.4855872
0.0061614107505994,-0.0039645657,0.4472217383731057,0.44772562
0.0807964306310134,0.05810094,0.4125152412471695,0.4228746
0.235408383160834,0.22711149,0.3816843755443302,0.3783161
0.4008559201141227,0.42168745,0.3613481971781919,0.35262966
0.517528151273257,0.5437596,0.3517244382511757,0.3632701
0.5710079825173764,0.6037919,0.309745688904372,0.36174107
0.5569854614987707,0.61668825,0.2751262846194043,0.30454147
0.5315506722918627,0.53748447,0.2434680369273645,0.27505782
0.4978601997146933,0.5039981,0.21165737676363,0.24922916
0.4730020942726197,0.44409135,0.1726397840097543,0.21801439
0.4297811636871338,0.41996953,0.130726354293677,0.17375463
0.3286490424014326,0.3357201,0.0911862044939905,0.12506524
0.169120101981971,0.17704955,0.0593102246995297,0.07298674
0.0379700731477828,0.018599171,0.0406941299425187,0.043059736
0.0006070355419309,0.004760444,0.0512105904894617,0.053503025
0.0,-0.0024417713,0.0901193171921268,0.06516114
0.0,-0.0023385137,0.1242597108517679,0.1041148
0.0,-0.005355619,0.1660425013063926,0.13968608
0.0,-0.00466568,0.220323114439993,0.18340538
0.0,-0.004355915,0.2686596411774952,0.24834189
0.0,-0.0045448914,0.3160381466643442,0.2970128
0.0,-0.0050394163,0.3601724438251176,0.3413192
0.0,-0.006203033,0.3961417871450967,0.38285303
0.0,-0.0066592023,0.4236631248911339,0.41450718
0.0048562843354478,-0.0036760196,0.4297813969691691,0.4394614
0.0481986220293198,0.07453124,0.4050252569238808,0.42017907
0.1571615018059307,0.17047009,0.3579733495906636,0.37234715
0.2958691231371597,0.31148502,0.3395749869360738,0.3145366
0.4132394451695146,0.41526,0.3247909771816756,0.32858676
0.51934925789905,0.49464098,0.3247038843407072,0.327528
0.5606580265274532,0.5849001,0.3328035185507751,0.33176512
0.5388047470179379,0.5666147,0.3221781919526215,0.34712303
0.4839590858044738,0.5068271,0.3201097369796202,0.32658687
0.3965156159893162,0.4116177,0.2948528130987632,0.32668757
0.2959601784684493,0.306837,0.2739287580560878,0.29060662
0.1780435244483564,0.19987178,0.2309484410381466,0.25850376
0.0835280905697028,0.09333454,0.2028609998258143,0.20345649
0.0202142835463016,0.029932894,0.1806523253788538,0.18360671
0.0004856284335447,0.0033622459,0.1827643267723393,0.17504403
0.0,-0.00160674,0.1827425535620972,0.18159837
0.0,-0.0031585172,0.1834392962898449,0.1766837
0.0,-0.0035349205,0.2020336178366138,0.17354625
0.0,-0.002477996,0.2073898275561748,0.20274219
0.0,-0.0026756525,0.2243511583347849,0.20843033
0.0,-0.0023917705,0.2433591708761539,0.22787225
0.0,-0.0030533895,0.2566190559136039,0.2500082
0.0,-0.0046226084,0.243925274342449,0.2573512
0.0,-0.007083215,0.2266373454102072,0.22804856
0.0046438218957719,-0.003309913,0.2261365615746385,0.20464212
0.0442225392296719,0.04557655,0.2239156941299425,0.2087888
0.1431996843415182,0.15441573,0.1992466469256227,0.19776206
0.2792059975111542,0.28976792,0.1833522034488765,0.17435929
0.3973047621938264,0.41291714,0.1926929106427451,0.1748087
0.4883297417063769,0.47745427,0.2225004354642048,0.20443198
0.5140680486842505,0.53619456,0.2389174359867618,0.245404
0.4863872279721978,0.5091345,0.2419874586309005,0.25735515
0.444714238018636,0.44108906,0.230839574986936,0.2524486
0.3703220323549944,0.3855204,0.214988677930674,0.23696333
0.2752906182656994,0.28111333,0.1972217383731057,0.21586455
0.1816553859228457,0.17492354,0.1757533530743772,0.18896288
0.0924818648131848,0.093111135,0.1470562619752656,0.1554808
0.0243421252314323,0.03161138,0.1123279916390872,0.12603605
0.0005766837648344,0.00404343,0.094952969865877,0.09381056
0.0,0.00064437836,0.0882903675317888,0.07499991
0.0,-0.0007024482,0.0835002612785229,0.069360785
0.0,-0.003048025,0.0728531614701271,0.067715615
0.0,-0.0010680109,0.0615093189339836,0.05775651
0.0,0.00040040165,0.0570458108343494,0.047435727
0.0,0.00019197911,0.0529306740985891,0.04763273
0.0,-0.001778923,0.0533879115136735,0.047653813
0.0,-0.003744781,0.0567409858909597,0.048329946
0.0,-0.0027519092,0.0600069674272774,0.04960189
0.0045527665644823,0.0017866716,0.0575683678801602,0.052459694
0.0377879624852035,0.05140021,0.0624673401846368,0.0452028
0.1206483139587822,0.13724428,0.0626197526563316,0.053212482
0.2198379215103044,0.24351627,0.0647970736805434,0.061433394
0.2929250007587944,0.32875276,0.0676493642222609,0.069053955
0.3451300573648587,0.34916824,0.0673445392788712,0.0752894
0.37229489786627,0.37219936,0.0806044243163212,0.07356861
0.349348954381279,0.37033603,0.0989810137606688,0.08936364
0.3139284305096063,0.30177113,0.1255443302560529,0.11635691
0.2670349348954381,0.25505844,0.154698658770249,0.14410755
0.2046013294078368,0.20948833,0.1879898972304476,0.16919914
0.1361580720551188,0.14507997,0.2173619578470649,0.2015686
0.062585364373084,0.078776404,0.242640654938164,0.22901425
0.014872370777309,0.019177549,0.2522861870754224,0.25860944
0.0003945731022551,0.0017988905,0.2625631423097021,0.26264125
0.0,-0.0009045005,0.2868184985194217,0.2643885
0.0,-0.0013656393,0.2867096324682111,0.29295328
0.0,-0.0010093823,0.2866443128374847,0.2817418
0.0,4.9486756e-05,0.2671137432503048,0.2737922
0.0,0.00011117011,0.2374150844800557,0.24634318
0.0,7.2717667e-06,0.2076728792893224,0.20903234
0.0,-0.00060945004,0.1855512976833304,0.17755476
0.0,-0.002000153,0.1718559484410381,0.15849495
0.0,-0.0034212247,0.1680891830691517,0.15124565
0.0039153792454548,0.00013954937,0.1612523950531266,0.15693498
0.0325978086016936,0.042724743,0.1458587354119491,0.14833309
0.1122105199259416,0.11615685,0.120950182894966,0.123700865
0.2210216408170698,0.21786764,0.097914126458805,0.10624331
0.32673688044435,0.3273289,0.0839574986936073,0.08986997
0.422436033629769,0.39913866,0.0767723393137084,0.08352175
0.5047500531156099,0.46975726,0.0705452011844626,0.08260562
0.5214738822958084,0.5277594,0.0728967078906114,0.079500124
0.4882993899292803,0.48375776,0.0654067235673227,0.08248197
0.4138768324885422,0.41408244,0.0672356732276606,0.07184556
0.3247640149330743,0.30529392,0.0659510538233757,0.06988331
0.2071205269068504,0.20129779,0.0591360390175927,0.06555155
0.0953956354144535,0.08555128,0.0549773558613482,0.045261957
0.0215194099614532,0.02402705,0.0494034140393659,0.05010105
0.0002124624396758,0.005263146,0.0474002786970911,0.05404059
0.0,0.0028937757,0.0535403239853684,0.04451634
0.0,0.0017588139,0.0662341055565232,0.045644768
0.0,-0.0011129975,0.0677364570632294,0.061691094
0.0,-7.085502e-06,0.067300992858387,0.06086266
0.0,0.0008548647,0.0660816930848284,0.056578595
0.0,0.0011241063,0.0668002090228183,0.05547673
0.0,0.0001365766,0.067300992858387,0.056978192
0.0,-0.0023846775,0.0634471346455321,0.05745273
0.0,-0.0022517964,0.0620318759797944,0.05313439
0.004370655901903,0.0010584965,0.071176624281484,0.05281019
0.0429174128145202,0.030247085,0.0841534575857864,0.05979961
0.1419552614805596,0.12808633,0.0752917610172443,0.06738979
0.2672777491122105,0.27460822,0.0468559484410381,0.063696034
0.3907184265638753,0.39478126,0.0516678279045462,0.04209065
0.468874252587489,0.47091374,0.0600505138477617,0.055224575
0.5161319695268158,0.50506955,0.0667784358125762,0.06974203
0.5261784077457735,0.5238757,0.0773602159902456,0.07495941
0.5044465353446445,0.500114,0.0849372931545027,0.08518192
0.4392205663641606,0.44689277,0.0912515241247169,0.09359475
0.3448265395938932,0.34640953,0.093842536143529,0.098932095
0.2238747078641454,0.22526428,0.0960851767984671,0.09663227
0.1048046863143837,0.10190386,0.0909249259710851,0.082455814
0.0214587064072601,0.029244207,0.0806915171572896,0.08144492
0.0001821106625792,0.004337169,0.0924490506880334,0.07929862
0.0,-0.0001052171,0.1025735934506183,0.086514376
0.0,-0.0008000657,0.1020945828252917,0.09196555
0.0,-0.0023893192,0.0843276432677233,0.085446
0.0,0.00080076605,0.0688468907855774,0.061642002
0.0,0.0016159713,0.0607254833652673,0.049355373
0.0,0.0011680648,0.0503614352900191,0.048918966
0.0,-0.00084336847,0.046093886082564,0.045174483
0.0,-0.0025754273,0.0417174708238982,0.042989768
0.0,-0.0009022653,0.0414779655112349,0.040292688
0.0033083437035238,0.0036572367,0.0471607733844278,0.04192093
0.0493519895589886,0.046833187,0.0507968994948615,0.04215204
0.1698788964093847,0.14915335,0.0412166869883295,0.042129077
0.3325947734239839,0.3210814,0.0285446786274168,0.035925254
0.5110025191974991,0.4768823,0.0273689252743424,0.031379256
0.6418490302607218,0.6271425,0.0316582476920397,0.03789493
0.7146022399611497,0.6938852,0.03135342274865,0.043899987
0.7144808328527635,0.7095541,0.0410642745166347,0.039461236
0.6617294442589614,0.6506455,0.051254136909946,0.047144674
0.569884966764804,0.557709,0.0582433373976659,0.057186663
0.4456247913315325,0.4298791,0.0637084131684375,0.06462929
0.2871885148875466,0.27605703,0.0640567845323114,0.06792556
0.1311500288341882,0.122455165,0.060115833478488,0.058903396
0.0260114729717424,0.03680107,0.0537798292980317,0.052314505
0.0001214071083861,0.008277997,0.0530395401497996,0.06181512
0.0,0.0047418773,0.055325727225222,0.050412904
0.0,0.003925137,0.0568498519421703,0.04433081
0.0,0.0013284758,0.0601593798989723,0.048190754
0.0,0.0029577538,0.0563708413168437,0.051512234
0.0,0.0028642192,0.0635995471172269,0.048736863
0.0,0.0022584721,0.0780569587179933,0.056151956
0.0,0.00015947968,0.1025518202403762,0.06932551
0.0,-0.0032928288,0.1324028914823201,0.09434725
0.0,-0.0053566173,0.1570066190559136,0.1284523
0.0036725650286824,-0.0014356449,0.1816321198397491,0.15433894
0.0709928066288281,0.042736553,0.2035359693433199,0.17846285
0.237229489786627,0.20285204,0.2185594844103814,0.17860942
0.4299632743497131,0.4304802,0.2049730012192997,0.2153302
0.5867909066075819,0.59937465,0.204646403065668,0.21077755
0.6489209943242177,0.6894671,0.235259536666086,0.219943
0.6476765714632592,0.68025225,0.278588225047901,0.25830552
0.6101921267490211,0.63838595,0.3354380769900714,0.30539495
0.5409597231917929,0.55578953,0.3864962550078383,0.37092382
0.440738155218988,0.4526166,0.4240985890959763,0.42954117
0.3198470270434334,0.33759865,0.4383382685943215,0.44971117
0.1906395119434243,0.20369741,0.4309789235324856,0.44556424
0.0783682884632895,0.0985488,0.4231841142658073,0.41487342
0.0122014143928127,0.013515599,0.4362044939905939,0.4156822
6.0703554193098006e-05,0.00046683848,0.4592840968472391,0.44653767
0.0,-0.0054499283,0.5067061487545723,0.4675905
0.0,-0.0054843053,0.5042022295767288,0.52161366
0.0,-0.00409396,0.4787275735934506,0.48974317
0.0,-0.0030887648,0.4537754746559833,0.44062567
0.0,-0.002811119,0.4319369447831388,0.41805905
0.0,-0.002630785,0.399516634732625,0.40201154
0.0,-0.0023084655,0.3861696568542065,0.36343214
0.0,-0.0021859258,0.3846455321372583,0.35891464
0.0,-0.0036209822,0.3742161644312837,0.37013406
0.0030351777096549,-0.0019745007,0.3525518202403762,0.36040816
0.0369988162806932,0.07254794,0.3174316321198397,0.31413087
0.1351868151880292,0.15463832,0.2852290541717471,0.26681742
0.268856041521231,0.27886763,0.2469735237763455,0.25521338
0.4211309072146174,0.40631303,0.229903326946525,0.23741196
0.5555285761981364,0.53653437,0.2341055565232538,0.23458451
0.650377879624852,0.6391247,0.2543110956279393,0.25256905
0.6756609099462774,0.6920607,0.2659815363177147,0.28164673
0.6390870185449358,0.6554842,0.2561182720780351,0.28770506
0.5486690745743164,0.57098746,0.2418785925796899,0.2656136
0.4190669863720521,0.43116143,0.2249172618010799,0.2474887
0.2652138282696452,0.26962024,0.1973959240550426,0.22383195
0.114274440768507,0.11681765,0.1685464204842361,0.17622724
0.0177861413785777,0.025074579,0.1585960634035882,0.15799078
3.0351777096549003e-05,0.004124753,0.1657376763630029,0.17100735
0.0,0.0008637458,0.1711592057132903,0.17352937
0.0,-0.00035793334,0.1870536491900365,0.16770065
0.0,-0.003933817,0.1841360390175927,0.18579265
0.0,-0.0041171163,0.1737719909423445,0.17453156
0.0,-0.0029728264,0.166499738721477,0.15549944
0.0,-0.0017408505,0.1595540846542414,0.15076865
0.0,-0.001798071,0.1534358125762062,0.14585721
0.0,-0.003727205,0.1708761539801428,0.13794982
0.0,-0.005748518,0.1893180630552168,0.1651166
0.0029137706012687,-0.004879862,0.2183852987284445,0.1915121
0.0416729899535617,0.02617728,0.261801079951228,0.22376841
0.1389200837709047,0.14114088,0.280242989026302,0.26363656
0.2452727107172125,0.30003828,0.27508273819892,0.27183783
0.3467690533280723,0.37289655,0.2769770074899843,0.27146763
0.4343339302516162,0.42857853,0.2911078209371189,0.2856287
0.5001062312198379,0.48758414,0.3186727051036405,0.31045556
0.5369229368379519,0.5227313,0.3367226963943563,0.34633917
0.501714875405955,0.53650796,0.3490027869709109,0.3581602
0.4203721127872037,0.4370153,0.3460851767984672,0.36384737
0.3130785807509029,0.3353816,0.3361348197178191,0.34719703
0.1825962910128388,0.20449221,0.3275779480926667,0.32489097
0.0759401462955656,0.086546496,0.309919874586309,0.3133954
0.0138707621331228,0.018441044,0.2658508970562619,0.30261707
6.0703554193098006e-05,0.005266454,0.2296420484236195,0.24806759
0.0,0.0024136603,0.2287275735934506,0.20071352
0.0,-0.0014892146,0.2311443999303257,0.21568654
0.0,-0.0014770925,0.2316234105556523,0.22644019
0.0,-0.0014667884,0.2405504267549207,0.22285643
0.0,-0.0010222197,0.2434462637171224,0.23529132
0.0,-0.0012371466,0.2417261801079951,0.23898593
0.0,-0.0017684326,0.2359780526040759,0.23247333
0.0,-0.0026135966,0.2208892179062881,0.22196138
0.0,-0.004642315,0.2292719038495035,0.20248201
0.0027316599386894,-0.0025384426,0.2202577948092667,0.22344214
0.0561507876286156,0.04538106,0.2156854206584218,0.207838
0.2105502777187604,0.17030738,0.1712680717645009,0.18289632
0.4064406470998877,0.40070716,0.1439862393311269,0.14199385
0.5688226545664249,0.57018316,0.1507141612959414,0.1389919
0.6328345524630468,0.67050886,0.1737502177321024,0.16916944
0.6043949373235803,0.6624105,0.1878157115485107,0.19254114
0.559595714329074,0.5716653,0.1821982233060442,0.19557855
0.4814095365283637,0.51076186,0.1759493119665563,0.18655059
0.4031626551734604,0.39121026,0.1632555303954015,0.18468294
0.3127750629799374,0.31086415,0.1377373279916391,0.16784988
0.1982881597717546,0.2047188,0.1179454798815537,0.1312499
0.0868971378274198,0.08848426,0.0924055042675492,0.09276555
0.0130816159286126,0.02013328,0.066930848284271,0.074817315
3.0351777096549003e-05,0.0039407685,0.0662123323462811,0.057197884
0.0,0.0007689819,0.0739853684027173,0.05326982
0.0,-0.0012110844,0.0872017070196829,0.062935814
0.0,-0.0028909817,0.0867444696045985,0.07971208
0.0,-0.00095108896,0.0828252917610172,0.07533183
0.0,0.00062898546,0.085917087615398,0.067297265
0.0,0.0005492866,0.09107733844278,0.07154505
0.0,-0.0021506473,0.0908813795506009,0.07708549
0.0,-0.0070328787,0.0806915171572896,0.07499407
0.0,-0.006375551,0.0769465249956453,0.062357783
0.0022460315051446,0.001136139,0.0715467688556,0.06294344
0.0535101830212158,0.06522827,0.0689993032572722,0.0543454
0.2057546969375057,0.17438376,0.0580691517157289,0.059163906
0.4007041612286399,0.38710248,0.0431980491203623,0.052858658
0.589674325431754,0.5632718,0.0486195784706497,0.047247574
0.6944183081919446,0.6968436,0.0683025605295244,0.06129675
0.7327222508877895,0.72391325,0.0867880160250827,0.081295416
0.7166358090266185,0.7126404,0.1040323985368402,0.09446173
0.669560202749871,0.6492078,0.1185986761888172,0.11163089
0.5930737244665675,0.5697,0.1308787667653718,0.13122156
0.4503900203356906,0.4536329,0.1415911862044939,0.14520234
0.2914984672352566,0.267501,0.1451837658944434,0.14849204
0.1247761556439129,0.13239652,0.1458151889914649,0.13403079
0.0164810149634261,0.029536217,0.1617749520989374,0.14354907
0.0,0.0053981133,0.1864439993032572,0.18871748
0.0,-0.00010535866,0.2269857167740811,0.20301513
0.0,-0.0019215345,0.2531788886953492,0.24188522
0.0,-0.002954714,0.2869273645706323,0.26180762
0.0,-0.0010808781,0.3251611217557916,0.2915978
0.0,-0.00037346035,0.3649407768681414,0.33548632
0.0,-0.00085015595,0.3865833478488068,0.38094366
0.0,-0.001642257,0.4045462462985542,0.39148313
0.0,-0.0019708946,0.4195697613656157,0.402282
0.0,-0.0030004159,0.4424316321198397,0.41677684
0.0020032172883722,-0.0033007115,0.4556479707368054,0.44752854
0.0504446535344644,0.044517655,0.4345279568019509,0.4493637
0.1868758915834522,0.18204251,0.3957716425709806,0.39625522
0.3692597201566152,0.37191173,0.364679498345236,0.34988028
0.5329165022612073,0.5319169,0.3585612262672008,0.35516077
0.6506813973958175,0.64503056,0.4018463682285316,0.3696097
0.7130846511063222,0.71754324,0.4192213900017418,0.42901406
0.7242844568549489,0.745443,0.39566277651977,0.4298994
0.6780283485598082,0.7047143,0.3728444521860303,0.39195403
0.589674325431754,0.6094498,0.339618533356558,0.37454736
0.4591009803624002,0.47817367,0.2907376763630029,0.33879355
0.2827571554314505,0.3037375,0.2555303954014979,0.2801651
0.107809512246942,0.122695684,0.2165563490681065,0.22888981
0.0119586001760403,0.02192295,0.1886866399581954,0.20402864
0.0,0.0058990493,0.180129768333043,0.19325928
0.0,0.001558058,0.1832868838181501,0.17453673
0.0,-0.0008908808,0.1884689078557742,0.17537001
0.0,-0.004068278,0.2095236021599024,0.18143338
0.0,-0.0030253753,0.2237415084480055,0.20953335
0.0,-0.0028807,0.2316887301863786,0.22697693
0.0,-0.0024639443,0.2327773906984845,0.2317561
0.0,-0.0027344748,0.232864483539453,0.22662391
0.0,-0.0052628964,0.2416173140567845,0.22351047
0.0,-0.008401208,0.2460808221564187,0.23646303
0.0016693477403101,-0.0043779984,0.2575988503744992,0.24123603
0.0503839499802713,0.04819297,0.2809397317540498,0.25036508
0.2025070567881749,0.18510705,0.2940254311095628,0.2625141
0.3929644580690199,0.4075878,0.2966164431283748,0.28541327
0.5592314930039154,0.57395345,0.307894966033792,0.3062293
0.674871763741767,0.68000644,0.3224830168960111,0.32695723
0.7233131999878593,0.7549558,0.3357864483539453,0.3388805
0.7137220384253498,0.74599767,0.3606079080299599,0.35101104
0.6530791877864449,0.688684,0.3607603205016547,0.37806273
0.5567426472819984,0.5828146,0.3811400452882773,0.367221
0.4180046741736729,0.4377655,0.384601985716774,0.40563217
0.2500075879442741,0.27192122,0.3777434244905068,0.39152485
0.0954563389686466,0.11180815,0.36430935377112,0.3621378
0.0102892524357301,0.014414225,0.3562968124020205,0.3624586
0.0,0.003118895,0.3721259362480404,0.36457527
0.0,-0.0009142533,0.3876502351506706,0.38005364
0.0,-0.0038312972,0.4151497996864657,0.38890618
0.0,-0.0039242506,0.4209850200313534,0.414869
0.0,-0.004410222,0.3597587528305173,0.40709496
0.0,-0.0027264208,0.3332607559658596,0.30737984
0.0,0.0007098168,0.3134471346455321,0.29389867
0.0,0.00032246858,0.27765197700749,0.29083788
0.0,-0.0031772926,0.256096498867793,0.24458367
0.0,-0.006796755,0.2483887824420832,0.22528222
0.0016693477403101,-0.0027697757,0.2458630900539975,0.23077682
0.0433119859167754,0.05431725,0.2142266155721999,0.22572145
0.1703645248429295,0.18250546,0.1569195262149451,0.16943195
0.3343248247184873,0.3507546,0.111174011496255,0.121924706
0.4759765684280814,0.4916449,0.098458456714858,0.094651535
0.5625094849303427,0.57210696,0.0875718515937989,0.10042684
0.6263696239414818,0.6109862,0.0828906113917436,0.092313394
0.6648556772999059,0.6529019,0.084262323636997,0.08899653
0.6493155674264728,0.6492636,0.0791891656505835,0.09718951
0.5848483928734027,0.5802095,0.0689122104163037,0.08980444
0.4621361580720551,0.47108534,0.0549991290715903,0.07299781
0.2853067047075606,0.2967736,0.0387998606514544,0.05386117
0.1108446899565969,0.10529085,0.0238416652151193,0.032955416
0.0119586001760403,0.017030545,0.0170048771990942,0.031274263
0.0,0.0072244704,0.0200313534227486,0.04061827
0.0,0.006224282,0.0240811705277826,0.027315177
0.0,0.006886594,0.0268028218080473,0.024551958
0.0,0.0028844997,0.0284793589966904,0.030315716
0.0,0.002751924,0.0349024560181153,0.031395864
0.0,0.0029914975,0.0477704232712071,0.036225863
0.0,0.0019567534,0.0630334436509318,0.0493781
0.0,-0.0003342852,0.0818454973001219,0.061687455
0.0,-0.004046418,0.0907289670789061,0.07403499
0.0,-0.0047420636,0.094038495035708,0.07640812
0.0016389959632136,0.0014895573,0.097543981884689,0.07701429
0.0408534919719549,0.04973936,0.0927974220519073,0.08073853
0.1723677421313018,0.15254006,0.0892266155721999,0.070850246
0.3477099584180654,0.3370811,0.0670397143354816,0.07240208
0.5355571068686071,0.5130714,0.0636866399581954,0.06184119
0.6926579051203448,0.663002,0.0833913952273123,0.06943862
0.7786141378577716,0.7672314,0.1103466295070545,0.09986286
0.7896318329438189,0.78617835,0.1364527085873541,0.12749441
0.7387622545300028,0.7393712,0.1479054171747082,0.15073046
0.6327738489088536,0.6380915,0.1474699529698658,0.15854093
0.4770995841806538,0.48544368,0.1489069848458456,0.15510067
0.2858833884723951,0.2896268,0.1394356383905243,0.15417565
0.1022551370382735,0.119200334,0.1229315450269987,0.12775591
0.0096518651167025,0.019384127,0.1209284096847239,0.120986834
0.0,0.0046167746,0.129615920571329,0.13295557
0.0,0.0052860193,0.1345584392962898,0.123395875
0.0,0.0017535016,0.1533269465249956,0.11623834
0.0,-0.0013004616,0.1616660860477268,0.14064878
0.0,-0.00091113895,0.1608169308482842,0.14768885
0.0,-0.00046040863,0.1555478139696917,0.14240107
0.0,0.00036022812,0.1659118620449399,0.13671067
0.0,0.00022564083,0.1774081170527782,0.15482134
0.0,-0.0023110434,0.1956322940254311,0.17085874
0.0,-0.005374722,0.2142701619926842,0.19140707
0.0012444228609585,-0.004300423,0.2475614004528827,0.21309343
0.0527513885938021,0.032166015,0.2830299599372931,0.2557019
0.2114001274774638,0.18063286,0.3055434593276432,0.27387112
0.4138464807114456,0.41542804,0.2808961853335656,0.30312824
0.6044252891006768,0.60931927,0.2768899146490158,0.28114444
0.7326008437794033,0.7380778,0.3321503222435116,0.29268855
0.7823777582177437,0.8034828,0.4080735063577774,0.37085825
0.7722099128903998,0.7891418,0.4333739766591186,0.44508508
0.7054056515008954,0.7343985,0.4672095453753701,0.44087723
0.6036664946732632,0.60583365,0.4580212506531963,0.4950633
0.4519986645218077,0.47771034,0.4254703013412297,0.47296906
0.2659726226970589,0.28440085,0.389566277651977,0.41393885
0.0941208607763984,0.119272456,0.34919874586309,0.35693306
0.0084984975870337,0.012624942,0.3126415258665738,0.33511227
0.0,0.005026147,0.2874934680369274,0.30639762
0.0,0.0036707893,0.2730142832259188,0.2681859
0.0,0.00022652,0.250195958892179,0.2523731
0.0,-0.0011033267,0.2154894617662428,0.22335315
0.0,-0.00055543333,0.1838094408639609,0.17882612
0.0,-0.0001232326,0.1870318759797944,0.15104702
0.0,0.0007592216,0.1993772861870754,0.17601937
0.0,-0.0011853054,0.2180587005748127,0.20232004
0.0,-0.0046283975,0.2329733495906636,0.2219559
0.0,-0.0077857226,0.2518289496603379,0.23325488
0.0010926639754757,-0.0028873757,0.2761931719212681,0.25368506
0.0479558078125474,0.055800766,0.2874934680369274,0.27524754
0.2064224360336297,0.18838933,0.2893877373279916,0.26542076
0.4179743223965763,0.41673496,0.2637824420832607,0.28115776
0.6067927277142077,0.6217608,0.2685072287058004,0.26564425
0.7375178316690443,0.7367119,0.3140567845323114,0.29061717
0.8088141560688379,0.81611323,0.3319979097718167,0.349576
0.8203174795884299,0.8285769,0.3203710155025256,0.35428426
0.7716635809026618,0.7837768,0.3212419439122104,0.33198422
0.6674355783531126,0.68515456,0.3138390524298902,0.3393135
0.4997116581175828,0.52913976,0.2718820762933286,0.32560596
0.2866421828998088,0.3179904,0.2517636300296115,0.25909555
0.0993413664370048,0.11334987,0.2145096673053474,0.22065431
0.0091358849060612,0.017087106,0.1960459850200313,0.21367218
0.0,0.0048878714,0.1935638390524298,0.20749411
0.0,0.0024272874,0.1970257794809266,0.19210777
0.0,-0.00084287673,0.1921921268071764,0.18931921
0.0,-0.0029735789,0.1766025082738199,0.17672779
0.0,-0.0012836233,0.1539365964117749,0.14911516
0.0,-0.00024808198,0.1432459501828949,0.12417055
0.0,0.00031074136,0.1306392614527085,0.12107706
0.0,-0.0020609498,0.1143964466120884,0.112494364
0.0,-0.0065141767,0.0978488068280787,0.09407958
0.0,-0.007869728,0.0860259536666086,0.079456545
0.0008802015357999,4.390627e-05,0.0806697439470475,0.07173889
0.0492002306735059,0.054167546,0.0837397665911862,0.06542545
0.2122196254590706,0.18901461,0.0851985716774081,0.05871371
0.445655143108629,0.420858,0.0714596760146316,0.07189197
0.6458251130603697,0.65972304,0.0482058874760494,0.07439954
0.776094940358758,0.7801276,0.0410860477268768,0.057522934
0.8408959844598901,0.835824,0.044068977530047,0.049024325
0.8423528697605245,0.84066665,0.0410860477268768,0.052153524
0.7908155522505843,0.7846742,0.034292806131336,0.04924666
0.6761465383798222,0.68089867,0.0277608430587005,0.04090609
0.5049018120010926,0.51299256,0.0280003483713638,0.03550569
0.2907093210307463,0.29734528,0.0307655460721128,0.03826441
0.0952135247518742,0.10000454,0.0371450966730534,0.030541234
0.0071933711718821,0.018997774,0.0575465946699181,0.05011333
0.0,0.0044942126,0.0831736631248911,0.08073838
0.0,0.0034948066,0.1129594147361087,0.08163552
0.0,0.0008353889,0.1339270161992684,0.10329935
0.0,-0.0019156709,0.142157289670789,0.12371803
0.0,-0.000810951,0.1352769552342797,0.124259934
0.0,-8.85725e-05,0.1276345584392962,0.11092712
0.0,0.0007619038,0.1186639958195436,0.10264352
0.0,-0.0012212321,0.1123933112698136,0.09534034
0.0,-0.0052969903,0.1042065842187772,0.0924335
0.0,-0.00849133,0.0988939209197004,0.08668508
0.0006373873190275,0.00061961263,0.0940820414561923,0.08110463
0.0453759067593407,0.0462434,0.0924925971085176,0.079843074
0.2035693689865541,0.17852214,0.0754441734889392,0.064986706
0.4181260812820591,0.40388894,0.044264936422226,0.05734086
0.611011624730628,0.6108137,0.0196394356383905,0.043301303
0.7419795429022369,0.73718137,0.0173097021424838,0.031609293
0.8120617962181685,0.7957526,0.0189862393311269,0.029481288
0.8234133608522779,0.80677617,0.0212506531963072,0.031220313
0.7766716241235925,0.76034355,0.0253875631423097,0.032955498
0.6673141712447264,0.6603938,0.0278261626894269,0.03499377
0.5016238200746653,0.49688843,0.0259754398188468,0.035181567
0.2887061037423741,0.288799,0.0241029437380247,0.035156213
0.0920265881567365,0.09652142,0.0222522208674446,0.024855714
0.0057668376483443,0.018902995,0.0281745340533008,0.039757736
0.0,0.0069852546,0.0388216338616965,0.052176654
0.0,0.008966401,0.0493163211983974,0.03780655
0.0,0.0060144924,0.0522774777913255,0.041716423
0.0,0.0023753792,0.0545418916565058,0.0479106
0.0,0.0038796887,0.0500566103466295,0.04811742
0.0,0.0038662776,0.051450095802125,0.045888327
0.0,0.003414996,0.0521250653196307,0.050138332
0.0,0.0012628213,0.0588094408639609,0.052687153
0.0,-0.002744265,0.0607037101550252,0.05755144
0.0,-0.005125366,0.0653631771468385,0.057741247
0.0005159802106413,0.0012505874,0.0734192649364222,0.059000265
0.0407017330864722,0.044642244,0.0862001393485455,0.06664504
0.1828391052296112,0.16389874,0.0882685943215467,0.067018986
0.3640695662731052,0.36878818,0.0745296986587702,0.07540288
0.5233556924757945,0.53944,0.0666042501306392,0.07051406
0.6359000819497982,0.631276,0.0908378331301167,0.069635585
0.6917473518074483,0.69935375,0.1296594669918132,0.10190317
0.6837041308768629,0.69970393,0.1842666782790454,0.15163225
0.6248823868637509,0.6365156,0.2258317366312489,0.21477234
0.5198652381096913,0.53999925,0.2639348545549556,0.25231218
0.374116004492063,0.39681187,0.2972696394356384,0.28730044
0.2078489695571675,0.2240189,0.3411208848632642,0.31705976
0.0658937080766078,0.08319503,0.3787449921616443,0.35800502
0.0040064345767444,0.005080402,0.4003875631423097,0.415263
0.0,-0.0004496649,0.4159771816756663,0.4246196
0.0,-0.00022109598,0.4259928583870406,0.41998363
0.0,-0.0041289926,0.4320458108343494,0.41899946
0.0,-0.0029820204,0.4274952098937467,0.4162927
0.0,-0.0028082058,0.4282137258317366,0.40448684
0.0,-0.0023715794,0.4133643964466121,0.41092926
0.0,-0.0021317601,0.3909815363177146,0.3904159
0.0,-0.0012538657,0.375195958892179,0.35998642
0.0,-0.000761278,0.3596498867793067,0.34773684
0.0,-0.002203159,0.3473697962027521,0.3341664
0.0005463319877378,-0.0017212033,0.3464988677930674,0.32661128
0.0318693659513764,0.03992682,0.3328470649712594,0.32696497
0.1575257231310893,0.14003888,0.2767592753875631,0.29655108
0.3342337693871976,0.33689642,0.2323201532834001,0.24200433
0.5055999028743133,0.5027869,0.2161208848632642,0.21836543
0.6284942483382402,0.6266718,0.2046246298554258,0.22797413
0.7047075606276747,0.70310915,0.1738373105730709,0.22131708
0.7307797371536103,0.7207032,0.161143529001916,0.18172845
0.7044343946338059,0.6885693,0.1488416652151193,0.17468399
0.6217865055999029,0.6155631,0.1517157289670789,0.16270204
0.4702097307797371,0.47531807,0.1711374325030482,0.16446844
0.2606307099280663,0.28065535,0.194151715728967,0.18179658
0.0779130118068412,0.08939153,0.2042544852813098,0.19036123
0.0042492487935168,0.009932183,0.2398319108169308,0.23570678
0.0,0.00089824945,0.3184985194217035,0.28334877
0.0,-0.0011712089,0.370405852638913,0.37480795
0.0,-0.0035638884,0.3528130987632816,0.40739244
0.0,-0.0022976026,0.3339792719038495,0.32873935
0.0,-0.0013323799,0.3165171572896708,0.29762757
0.0,-0.00020831078,0.2979228357429019,0.29337862
0.0,-0.0004380867,0.278392266155722,0.2791457
0.0,-0.0014814362,0.2610390175927539,0.25650734
0.0,-0.0035964325,0.2501088660512106,0.23671944
0.0,-0.007419668,0.244469604598502,0.22878295
0.0004249248793516,-0.0062180534,0.2385255182024037,0.22825557
0.040580325978086,0.02649597,0.2299251001567671,0.22252727
0.2017179105836646,0.16380945,0.189709980839575,0.1898304
0.4213433696542932,0.40822792,0.1269595889217906,0.15752563
0.6211187665037788,0.61743605,0.0971302908900888,0.11128777
0.7700245849394483,0.74921507,0.1122626720083609,0.10235721
0.859076698940723,0.8363114,0.1390437206061661,0.13136703
0.8778948007405833,0.86070514,0.1476223654415607,0.16257805
0.8273894436519258,0.8179032,0.1567017941125239,0.16293061
0.707378517012171,0.70710635,0.165019160425013,0.17129159
0.5220505660606428,0.5277849,0.1763194565406723,0.18087974
0.2903147479284912,0.29522735,0.1853117923706671,0.18731478
0.0837102012322821,0.10391894,0.1916913429716077,0.17530912
0.0038243239141651,0.012076095,0.2484758752830517,0.22316806
0.0,0.0019372031,0.3393790280438948,0.30769604
0.0,-0.00083171576,0.3746734018463682,0.408165
0.0,-0.0009710267,0.3620231666956976,0.39887005
0.0,-0.0018201098,0.3511801079951228,0.3323627
0.0,-0.0007837489,0.3385080996342101,0.31802577
0.0,-0.00015420467,0.3221999651628636,0.31666484
0.0,0.0002664402,0.3001219299773559,0.30219066
0.0,-0.00058475137,0.276737502177321,0.27428198
0.0,-0.0030728132,0.2665040933635255,0.24654622
0.0,-0.007169783,0.2579472217383731,0.24261683
0.0003035177709654,-0.0065528974,0.2567496951750566,0.23980391
0.0368470573952104,0.03319606,0.2542022295767288,0.24081579
0.1992290648617476,0.17326947,0.2339966904720432,0.21062975
0.4191276899262451,0.4152474,0.1690472043198049,0.20906594
0.6134094151212554,0.6296361,0.1155286535446786,0.15538602
0.7495371353992777,0.7438723,0.1030090576554607,0.11325375
0.8203174795884299,0.81715107,0.1161383034314579,0.1114228
0.8267824081099948,0.82038987,0.1282877547465598,0.13255405
0.7717546362339515,0.7684595,0.1340794286709632,0.14401951
0.6481925516739006,0.6577595,0.1476441386518028,0.14628905
0.4682368652684615,0.4784141,0.1584436509318934,0.16157155
0.2542264849606944,0.26270577,0.1664126458805086,0.16530636
0.0725103954836555,0.08811653,0.1838747604946873,0.15476821
0.0028834188241721,0.009942137,0.2498911339487894,0.21951032
0.0,0.00039248914,0.3252046681762759,0.3120303
0.0,-0.0007617101,0.3568193694478314,0.3826777
0.0,-0.001614362,0.3378984497474308,0.3734213
0.0,-0.0019922033,0.3055652325378853,0.30713534
0.0,-0.00081596524,0.2673750217732102,0.26354668
0.0,0.0003713295,0.2310355338791151,0.23133853
0.0,0.00042311102,0.1946742727747779,0.20006439
0.0,-9.7729266e-05,0.1707455147186901,0.15850414
0.0,-0.0034040809,0.1555260407594495,0.13436413
0.0,-0.008457042,0.1426145270858735,0.12493637
0.0002428142167723,2.6322901e-05,0.1423532485629681,0.11368488
0.036543539624245,0.034495424,0.1479271903849503,0.12360956
0.1982274562175615,0.16447943,0.1454014979968646,0.118508205
0.4191580417033417,0.40479347,0.0976528479358996,0.12914684
0.6250341457492337,0.6270936,0.0574159554084654,0.08927497
0.7663520199107657,0.76008487,0.0585699355512976,0.060721684
0.8379215103044283,0.8247459,0.0711548510712419,0.07089524
0.8466628221082344,0.83069724,0.0665824769203971,0.086383194
0.7904816827025223,0.7782325,0.0644922487371538,0.075708464
0.6694691474185813,0.6634475,0.0750958021250653,0.0709942
0.4866603939660667,0.4855787,0.0992858387040585,0.08261652
0.2618144292348317,0.25778246,0.1204929454798815,0.10595797
0.0700519015388351,0.08673051,0.1345584392962898,0.10586408
0.0023674386135308,0.008782975,0.1842231318585612,0.16635771
0.0,-0.00034175813,0.2443171921268071,0.23380257
0.0,-0.00044231117,0.275627068454973,0.28322223
0.0,-0.0018358752,0.2607341926493642,0.28912535
0.0,-0.002603583,0.2268550775126284,0.2374402
0.0,-0.001080513,0.1826336875108866,0.18537493
0.0,0.0004747063,0.1394791848110085,0.14015515
0.0,0.00077697635,0.1053387911513673,0.098956704
0.0,-0.0024710074,0.079646403065668,0.07598854
0.0,-0.008099139,0.0614439993032572,0.06347117
0.0,-0.0113923475,0.0521686117401149,0.054212652
0.0002428142167723,-0.0051872656,0.0460503396620797,0.051163957
0.0336601208000728,0.032498643,0.047574464379028,0.047907017
0.1924909703463137,0.154986,0.0438294722173837,0.03383695
0.4137857771572525,0.3911132,0.0305478139696916,0.03609629
0.613834340000607,0.617064,0.0096673053475004,0.036345955
0.7524509060005463,0.7479855,0.005356209719561,0.026635382
0.8202264242571402,0.8089253,0.0114527085873541,0.020545203
0.8235651197377607,0.80989933,0.0127808744121233,0.025416274
0.7627705102133729,0.7532188,0.0084044591534575,0.026319005
0.6424560658026528,0.6341923,0.006640829123846,0.019694388
0.4650499286733238,0.46245363,0.0052908900888346,0.019861382
0.2442711020730263,0.24531692,0.0054868489810137,0.021588765
0.0628585303669529,0.0729738,0.0101245427625849,0.013821825
0.0019425137341791,0.016969778,0.0231231492771294,0.03861694
0.0,0.0069205016,0.042414213551646,0.049121607
0.0,0.0079056695,0.0607254833652673,0.043331258
0.0,0.0034364685,0.068041282006619,0.0577873
0.0,0.0014574379,0.0665389304999129,0.06394754
0.0,0.002669081,0.0603117923706671,0.058251128
0.0,0.0041738153,0.0525387563142309,0.05278466
0.0,0.0035930648,0.0408683156244556,0.050738506
0.0,0.0019894391,0.0303300818672705,0.0433601
0.0,-0.0037916675,0.0225352726005922,0.038272675
0.0,-0.0066747367,0.0164823201532834,0.03408492
0.0001517588854827,-0.0021468177,0.015502525692388,0.032912318
0.0301089628797766,0.032973,0.0161339487894095,0.029242594
0.1702734695116399,0.14564681,0.0169395575683678,0.013929777
0.3838285731629587,0.34957635,0.0107777390698484,0.01800415
0.5820256776034237,0.58368134,0.0028740637519595,0.02125844
0.7207029471575561,0.7158808,0.0015894443476746,0.021025918
0.7838042917412814,0.7769328,0.00812140742031,0.01728677
0.7752147388229581,0.77177894,0.0216861174011496,0.019490585
0.7050717819528334,0.7033122,0.0327469082041456,0.031469177
0.5758642668528242,0.58058155,0.036513673576032,0.039775923
0.404467781588612,0.40560666,0.0316582476920397,0.0440646
0.2061189182626643,0.20929533,0.0247343668350461,0.04305403
0.0510820408534919,0.06717113,0.019922487371538,0.02482231
0.0015479406319239,0.016456716,0.0200095802125065,0.041870806
0.0,0.008751418,0.0302647622365441,0.03639233
0.0,0.009739764,0.0445479881553736,0.028444916
0.0,0.0040695295,0.0549991290715903,0.041673556
0.0,0.0025703087,0.0677582302734715,0.052466184
0.0,0.0027427897,0.0772295767287929,0.061246328
0.0,0.0027075037,0.0866791499738721,0.06861858
0.0,0.0025554225,0.0958021250653196,0.0761533
0.0,0.0001456216,0.1067975962375892,0.0839892
0.0,-0.00363148,0.1314013238111827,0.09260662
0.0,-0.00583262,0.1574203100505138,0.12037961
0.0001517588854827,-0.0030207112,0.1794330256052952,0.15119982
0.0255258445381977,0.03066913,0.1946742727747779,0.17484424
0.1009803624002185,0.14143308,0.1869447831388259,0.17150661
0.2227213403344765,0.24446782,0.1469256227138129,0.1648879
0.3402737730294108,0.3678868,0.1058178017766939,0.13282311
0.4439857953683188,0.4374771,0.1125457237415084,0.09598753
0.5249946884390081,0.49831334,0.1426145270858735,0.11652689
0.5506722918626885,0.5554785,0.1699181327294896,0.16491161
0.5113970922997542,0.5343043,0.1841142658073506,0.1924586
0.4229216620633138,0.4471474,0.1958935725483365,0.19556409
0.3089810908428688,0.31613582,0.2104380769900714,0.20291403
0.1651440191823231,0.18368514,0.2345845671485804,0.2145341
0.0419765077245272,0.055653162,0.2332564013238111,0.23961432
0.0005463319877378,0.008452058,0.2406592928061313,0.25245643
0.0,0.001035586,0.2833130116704407,0.25018892
0.0,-9.294599e-05,0.3286012889740463,0.3010951
0.0,-0.0023085773,0.3549251001567671,0.35395035
0.0,-0.002386868,0.3899799686465772,0.36098534
0.0,-0.0025518015,0.4531875979794461,0.39563784
0.0,-0.003345333,0.510712419439122,0.48253354
0.0,-0.0031148344,0.5670614875457237,0.5429802
0.0,-0.0028263628,0.5952360215990246,0.59323096
0.0,-0.0011719316,0.6271773210242118,0.6058065
0.0,-0.00129655,0.6324899843232886,0.6362722
3.0351777096549003e-05,1.8008053e-05,0.672378505486849,0.62881786
0.0171791058366467,0.008406099,0.6580517331475353,0.68119514
0.1032870974595562,0.086614475,0.5960198571677408,0.6390823
0.2486417579749294,0.24711186,0.55900539975614,0.5439571
0.3991258688196193,0.39070335,0.5563708413168438,0.5330917
0.519076091905181,0.5023353,0.5453100505138477,0.5588927
0.5943181473275261,0.5910365,0.5082302734715206,0.53340346
0.6098582572009591,0.63329476,0.4799686465772513,0.4834325
0.5645127022187149,0.59668183,0.4754398188468908,0.46972632
0.4695116399065165,0.492171,0.4422139000174185,0.48379534
0.3160227031292682,0.35693625,0.4085960634035882,0.42835355
0.1508483321698485,0.16198117,0.3432328862567497,0.37844232
0.0339029350168452,0.044246033,0.2606035533879115,0.294045
0.0004552766564482,0.0067852587,0.2517636300296115,0.22827302
0.0,0.0010457337,0.2712724264065493,0.2493428
0.0,-0.001625143,0.264936422226093,0.28617728
0.0,-0.0021982267,0.2573375718515938,0.25993052
0.0,-0.0038186163,0.2807002264413865,0.2386653
0.0,-0.002685763,0.3004703013412297,0.28169543
0.0,-0.00310795,0.3349590663647448,0.31219435
0.0,-0.004075147,0.3492640654938164,0.35126597
0.0,-0.004387878,0.3517026650409336,0.35655752
0.0,-0.004919164,0.3456497125936248,0.3454855
0.0,-0.0052026957,0.3392048423619578,0.3333194
3.0351777096549003e-05,-0.007174954,0.3170832607559659,0.32846272
0.0088020153579992,0.0027292892,0.3229620275213377,0.30109486
0.0428263574832306,0.08162105,0.333347848806828,0.3043714
0.1151849940814034,0.1579667,0.3338050862219126,0.32424927
0.1871490575773211,0.24464568,0.356754049817105,0.32624912
0.2404164263817646,0.270676,0.3569064622887998,0.37257847
0.2722554405560445,0.2899037,0.3367226963943563,0.3667515
0.2939873129571736,0.29061246,0.3022774777913255,0.32945815
0.2676419704373691,0.29435065,0.2739505312663299,0.28908408
0.2346192369563238,0.22575593,0.2587746037275736,0.25887462
0.1832943818860594,0.19324389,0.2450574812750391,0.24160555
0.1031049867969769,0.123986855,0.2209327643267723,0.22980992
0.0265881567365769,0.03819786,0.1922139000174185,0.19981006
0.0004552766564482,0.005107112,0.1977878418394008,0.1823403
0.0,0.00013187528,0.214988677930674,0.20097694
0.0,-0.0021209493,0.2324507925448528,0.22641958
0.0,-0.003376484,0.2305347500435464,0.24249604
0.0,-0.0027949363,0.2195175056610346,0.2257458
0.0,-0.001990512,0.2025779480926667,0.20474139
0.0,-0.0013410076,0.1955669743947047,0.18673125
0.0,-0.0010462478,0.1950444173488939,0.1863136
0.0,-0.0017631277,0.19284532311444,0.1917912
0.0,-0.0031427518,0.1835263891308134,0.18796541
0.0,-0.0046082437,0.1811313360041804,0.17078929
3.0351777096549003e-05,-0.0053856596,0.1836788016025082,0.16942418
0.0067077427383373,0.0036870986,0.1863351332520466,0.17792997
0.036543539624245,0.04485329,0.1904938164082912,0.17870933
0.0869274896045163,0.117242426,0.1917348893920919,0.17873238
0.1330014872370777,0.17031425,0.1945000870928409,0.1844382
0.1676632166813366,0.19158728,0.2035795157638042,0.19451962
0.1711840228245363,0.19856116,0.2265067061487545,0.2095993
0.1663580902661851,0.17148712,0.2803954014979968,0.2408556
0.1418945579263666,0.15726256,0.3632206932590141,0.31418848
0.1053813700792181,0.121926844,0.4276911687859258,0.42280746
0.0638601390111391,0.09756515,0.4678409684723915,0.4725455
0.0277415242662457,0.047105413,0.5144138651802822,0.49056304
0.004977691443834,0.0053651445,0.5393006444870232,0.5397669
0.0001214071083861,-0.003557235,0.5671921268071765,0.5543914
0.0,-0.003782265,0.5797552691168786,0.57771933
0.0,-0.0036000088,0.5836091273297335,0.5813698
0.0,-0.0035311282,0.5470519073332172,0.5761324
0.0,-0.002840586,0.5105817801776694,0.51726884
0.0,-0.0028914288,0.4942300992858387,0.4765098
0.0,-0.0030737668,0.4596760146315973,0.47495273
0.0,-0.0030733272,0.4244469604598502,0.4314466
0.0,-0.003513582,0.3925056610346629,0.38798982
0.0,-0.0031654686,0.3447352377634558,0.35811952
0.0,-0.0024715737,0.3144487023166695,0.30134702
3.0351777096549003e-05,-0.0013252646,0.292784358125762,0.2793075
0.0122014143928127,0.00925225,0.2385037449921616,0.2682609
0.0871399520441921,0.052700706,0.1866399581954363,0.19748798
0.2130087716635809,0.18002498,0.1451402194739592,0.14635402
0.3136856162928339,0.32552543,0.1163560355338791,0.11944455
0.3813093756639451,0.36961812,0.1060573070893572,0.10943261
0.4171548244149695,0.39358473,0.1047944608953144,0.1047716
0.415030200018211,0.39761552,0.1069717819195262,0.10570126
0.3868637508726136,0.35497788,0.0976746211461417,0.10939048
0.3221537621027711,0.2993107,0.0850897056261975,0.094314806
0.2373812486721097,0.19889691,0.07596673053475,0.07342003
0.1264455033842231,0.10997924,0.080952795680195,0.058638748
0.0271951922785079,0.026296973,0.0901193171921268,0.07124588
0.0001517588854827,0.002786316,0.0968907855774255,0.10821587
0.0,-0.00052297115,0.1002220867444696,0.10440101
0.0,0.0006989911,0.1134166521511931,0.09144612
0.0,-0.0016854927,0.1161818498519421,0.10657759
0.0,-0.0033042803,0.124085525169831,0.10862322
0.0,-0.003230445,0.1234758752830517,0.11535518
0.0,-0.00273747,0.112654589792719,0.11474438
0.0,-0.0023638457,0.1085829994774429,0.09843667
0.0,-0.0022589937,0.1026824595018289,0.091945626
0.0,-0.0043259114,0.0842405504267549,0.08544855
0.0,-0.0048722774,0.0816059919874586,0.06323418
6.0703554193098006e-05,-0.0034515336,0.0796246298554258,0.06473769
0.0154794063192399,0.019302808,0.0840010451140916,0.0693626
0.114274440768507,0.08665693,0.0778827730360564,0.07101053
0.2647585516131969,0.24265322,0.0601376066887301,0.06991434
0.3864084742161653,0.41386545,0.0493380944086396,0.055691328
0.4726682247245576,0.46332675,0.0484018463682285,0.053975716
0.5269372021731873,0.50557274,0.0526258491551994,0.056168113
0.512550459829423,0.53148925,0.0541717470823898,0.06207051
0.4310255865480924,0.4598011,0.049599372931545,0.064864695
0.3225786869821228,0.32940876,0.0490332694652499,0.058326866
0.2162260600358151,0.204332,0.0491639087267026,0.057698213
0.1073845873675903,0.1053109,0.0478357429019334,0.047478545
0.0217925759553221,0.035698827,0.0446350809963421,0.046064146
6.0703554193098006e-05,0.0072742775,0.0458326075596585,0.052559372
0.0,0.0035087839,0.0566974394704755,0.042764343
0.0,0.002108343,0.0641438773732799,0.04667286
0.0,-0.00010766834,0.066386518028218,0.05701778
0.0,0.0007630959,0.0626415258665737,0.058077987
0.0,0.0018496513,0.0596803692736457,0.05216687
0.0,0.0025715083,0.0614657725134993,0.05058089
0.0,0.002104953,0.064535795157638,0.054938592
0.0,5.0365925e-05,0.0655155896185333,0.05757395
0.0,-0.0032167733,0.0690428496777565,0.055969626
0.0,-0.005103126,0.0699137780874412,0.0572296
3.0351777096549003e-05,-0.0016574934,0.0673880856993555,0.0575186
0.0101981971044404,0.025506034,0.0729838007315798,0.055507
0.0818587428293926,0.091194615,0.0751828949660338,0.062150292
0.1916107688105138,0.1986199,0.0716338616965685,0.072129205
0.2856709260327192,0.31681412,0.0678017766939557,0.07424072
0.3618842383221538,0.3587163,0.0721564187423793,0.07459165
0.3944516951467508,0.39744636,0.0753570806479707,0.07796597
0.4034661729444259,0.38923123,0.0769465249956453,0.08226546
0.3723252496433666,0.37288693,0.0802778261626894,0.08453349
0.2956566606974838,0.30610836,0.076707019682982,0.08896941
0.1966188120314444,0.20151192,0.0745079254485281,0.079125196
0.0910856830667435,0.09270148,0.0656244556697439,0.061868764
0.0153883509879503,0.026839934,0.0597021424838878,0.059985183
6.0703554193098006e-05,0.005979769,0.0604642048423619,0.06429262
0.0,0.0024622306,0.05900539975614,0.05563118
0.0,0.004258573,0.051820240376241,0.047239475
0.0,0.0005864352,0.0445044417348893,0.040945783
0.0,0.0025895387,0.0369709109911165,0.03609864
0.0,0.003192477,0.0345323114439993,0.03381782
0.0,0.003422007,0.0304607211287232,0.034661748
0.0,0.0027924702,0.02950269987807,0.03394793
0.0,0.001087375,0.0345540846542414,0.033064727
0.0,-0.0012723058,0.0379071590315276,0.036236163
0.0,-0.0018417016,0.042784358125762,0.03805731
3.0351777096549003e-05,0.0003277436,0.0501437031875979,0.04159063
0.0105320666525025,0.022110805,0.057524821459676,0.047840636
0.0788235651197377,0.07779647,0.0661252395053126,0.049577586
0.2039335903117127,0.18625861,0.0684549730012193,0.064489454
0.3430357847451968,0.3377603,0.0740506880334436,0.06824949
0.4467781588612013,0.44732913,0.0842187772165128,0.07745713
0.5009864327556378,0.49517438,0.0804302386343842,0.090441845
0.5165568944061675,0.5060904,0.0793851245427625,0.0836242
0.4955534646553555,0.4725949,0.0796899494861522,0.08255185
0.4316629738671199,0.41260237,0.073375718515938,0.08565262
0.3117127507815582,0.30470052,0.0705669743947047,0.07390663
0.1500288341882417,0.15713343,0.0806479707368054,0.06209083
0.024493884116915,0.037261315,0.0958456714858038,0.07338217
3.0351777096549003e-05,0.0072018392,0.1373454102072809,0.119080424
0.0,-0.0018691942,0.1826772339313708,0.1638303
0.0,0.0018583462,0.2290106253265981,0.20537058
0.0,-0.0039683655,0.2547465598327817,0.2523663
0.0,-0.002268128,0.2619752656331649,0.26164615
0.0,-0.0013748631,0.269922487371538,0.25389975
0.0,8.3468854e-05,0.2756923880856993,0.26361674
