Solar_Actual,Solar_Fusion_Predicted,Wind_Actual,Wind_Fusion_Predicted
0.8486660393966067,0.8181199,0.0311139174359867,0.034275815
0.9049989376878016,0.8833426,0.0409554084654241,0.049506456
0.9148329134670836,0.8893,0.0384297160773384,0.05690833
0.8819922906486175,0.856966,0.0339008883469778,0.051878303
0.7910887182444533,0.7756257,0.0334654241421355,0.048948973
0.6518347649254864,0.631152,0.0414126458805086,0.051418442
0.466112240871703,0.44868177,0.0511888172792196,0.05744862
0.258293623091632,0.2421971,0.0587441212332346,0.06341737
0.0905089993019091,0.08546804,0.0614875457237415,0.05922784
0.0126263392721643,0.014817324,0.0781658247692039,0.07025692
6.0703554193098006e-05,-0.0021086195,0.1096934331997909,0.0970989
0.0,0.00011843303,0.1334697787841839,0.12252641
0.0,0.0010615027,0.1401759275387563,0.14036237
0.0,0.00029263727,0.1327294896359519,0.14114289
0.0,0.0008803423,0.120035708064797,0.12606978
0.0,0.00087188685,0.094952969865877,0.10982174
0.0,0.0006355153,0.0738765023515067,0.083164655
0.0,0.0003528595,0.0533008186727051,0.061407983
0.000333869548062,0.0064065317,0.0385821285490332,0.044561826
0.0229762952620875,0.027043797,0.0322025779480926,0.03434623
0.134731538531581,0.1313627,0.0244295418916565,0.034654252
0.3296506510456187,0.31054074,0.0085786448353945,0.018737271
0.5394117825598689,0.542158,0.0016547639784009,0.011955515
0.7148754059550186,0.69822335,0.0,0.017174643
0.8306674355783531,0.80472004,0.0033095279568019,0.020763986
0.8864540018818102,0.86537206,0.007577077164257,0.02355611
0.8834491759492519,0.8717276,0.0092536143529001,0.02713591
0.8441739763863174,0.8191289,0.0092536143529001,0.026824957
0.7508119100373327,0.73995245,0.0102769552342797,0.028879955
0.6157161501805931,0.5949062,0.0153283400104511,0.033932477
0.4366710170880505,0.4239089,0.0237110259536666,0.0391047
0.2403557228275715,0.22781906,0.038168437554433,0.046386167
0.0844689956596958,0.077422924,0.0545636648667479,0.044521578
0.0110176950860472,0.011178767,0.0815406723567322,0.0691034
3.0351777096549003e-05,-0.0027492044,0.1144835394530569,0.10467533
0.0,-0.00015049032,0.1361478836439644,0.12858419
0.0,0.0008540151,0.1416347326249782,0.14175199
0.0,0.00021160196,0.1304868489810137,0.14197654
0.0,0.0011505017,0.1184027172966382,0.123003066
0.0,0.0011412612,0.1036840271729663,0.10812078
0.0,7.1320916e-05,0.0984802299251001,0.093591176
0.0,-0.00136888,0.0949747430761191,0.088909306
0.0002731659938689,0.0028334265,0.0951707019682982,0.08397624
0.0213069475217774,0.020189311,0.0985890959763107,0.08344865
0.1224087170303821,0.11706549,0.0915781222783487,0.08303107
0.2923179652168634,0.2872149,0.0689339836265459,0.06935292
0.4767960664096883,0.4859787,0.0473785054868489,0.057006456
0.6361428961665706,0.6262,0.0399320675840445,0.051075473
0.7422527088961058,0.72832227,0.0458543807699007,0.05173814
0.8069930494430448,0.7802195,0.057350635777739,0.06104071
0.8019850062221143,0.8035189,0.0739635951924751,0.07145552
0.7583087989801803,0.74051034,0.0940820414561923,0.08548956
0.6616687407047682,0.66096824,0.11174011496255,0.10120298
0.5320059489483109,0.51502734,0.1298336526737502,0.122971326
0.3691686648253255,0.36138895,0.1437467340184637,0.13902253
0.1965277567001548,0.1880506,0.1605338791151367,0.14350188
0.069110996448842,0.054366287,0.1831126981362132,0.15858528
0.0098339757792818,0.00690171,0.197091099111653,0.2077988
6.0703554193098006e-05,-0.0008524159,0.2118751088660512,0.22209531
0.0,0.00087711564,0.2045593102246995,0.2224426
0.0,0.0013264907,0.1911034662950705,0.20060799
0.0,0.0001819469,0.1735542588399233,0.17985854
0.0,0.0004351806,0.1686335133252046,0.16157928
0.0,-0.00050216285,0.1650627068454973,0.16349928
0.0,-0.0017187602,0.1568324333739766,0.16415712
0.0,-0.0020748882,0.1538712767810486,0.15064196
0.0001821106625792,0.0015937246,0.1622975091447483,0.14444968
0.0176647342701915,0.01619428,0.1723567322766068,0.15641718
0.1045011685434182,0.09541238,0.1748171050339662,0.16363953
0.2524053783349015,0.24893501,0.1548946176624281,0.16148347
0.4247731204662033,0.42513764,0.1303997561400453,0.14565964
0.5860017604030716,0.5683244,0.1085394530569587,0.12888236
0.6877712690078004,0.6887131,0.103074377286187,0.11284727
0.7413421555832094,0.7270776,0.1069935551297683,0.112431034
0.7525419613318359,0.7371026,0.1226267200836091,0.11544466
0.7296870731781346,0.7021694,0.1325335307437728,0.13434348
0.6581175827844721,0.642068,0.1506706148754572,0.14114733
0.5392600236743862,0.52271235,0.1735324856296812,0.16221003
0.3769994233162351,0.37313503,0.2061923009928583,0.18424124
0.2059368076000849,0.18922818,0.2239156941299425,0.20615853
0.0741797432239657,0.05596435,0.2125283051733147,0.22110665
0.0093786991228336,0.00871787,0.2374368576902978,0.21838218
0.0,-0.0030041593,0.280787319282355,0.26000473
0.0,0.0005697702,0.2970954537537014,0.31358415
0.0,0.0017772785,0.3010581780177669,0.31325388
0.0,-8.904911e-05,0.2749956453579515,0.3013823
0.0,-0.00042783655,0.2576641700052255,0.26002955
0.0,-0.001091277,0.2681806305521686,0.24434456
0.0,-0.00222365,0.2675492074551472,0.27528816
0.0,-0.00036353443,0.2589052429890263,0.27616885
0.0002124624396758,0.004108959,0.2506967427277478,0.2543224
0.0187877500227638,0.016805904,0.2509580212506532,0.23744157
0.1169453971530033,0.089443356,0.2128984497474307,0.23599543
0.2903754514826843,0.27330443,0.14196133077861,0.18037201
0.4954927611011624,0.4845383,0.1149190036578993,0.10992015
0.6619722584757337,0.6467726,0.1288974046333391,0.113457516
0.7812243906880748,0.7493199,0.1651280264762236,0.14866252
0.8479679485233861,0.8215686,0.2108735411949137,0.18587689
0.854766746593013,0.83839214,0.246320327469082,0.23345765
0.7826509242116126,0.7956835,0.2607341926493642,0.26369166
0.6584211005554376,0.6659464,0.2625849155199442,0.27235436
0.504476887121741,0.50719607,0.2766068629158683,0.2702372
0.33790633441588,0.32494846,0.2986413516808918,0.2875591
0.1758581964974049,0.1637326,0.3330430238634384,0.29917812
0.0612498861808358,0.046669297,0.3515284793589966,0.34777984
0.0071023158405924,0.009335991,0.3814013238111827,0.3774001
0.0,0.0012924529,0.4290411078209371,0.40870062
0.0,0.0019773475,0.4201358648319108,0.4588704
0.0,0.002054091,0.4116007664170005,0.41822398
0.0,-0.0005602299,0.3915911862044939,0.3971995
0.0,-0.0009484945,0.3666390872670266,0.37647057
0.0,-0.00044541527,0.3541848110085351,0.3508876
0.0,-0.00093476626,0.3344582825291761,0.3462235
0.0,2.7790287e-05,0.3176929106427452,0.3255401
0.0002124624396758,0.0043782666,0.3060877895836962,0.30527002
0.0190002124624396,0.0195324,0.2901715728967078,0.29189846
0.1187058002246031,0.10678775,0.2434244905068803,0.26730138
0.3026679212067866,0.28780067,0.1776258491551994,0.20160004
0.5111846298600783,0.5057446,0.132555303954015,0.14584845
0.6851913679545938,0.6693933,0.1311182720780352,0.12871875
0.8028045042037212,0.7774764,0.1607733844278,0.14479546
0.8680001214071084,0.83758515,0.1841360390175927,0.17972684
0.8696391173703221,0.8544314,0.1981579864135168,0.19635777
0.8156129541384648,0.80136836,0.2090228183243337,0.20753843
0.6827328740097732,0.7010131,0.2090010451140916,0.21884204
0.5359820317479589,0.51008475,0.2191691342971607,0.21794555
0.3602452423589401,0.35275328,0.2445131510189862,0.22593981
0.1873008164628039,0.16903827,0.2803954014979968,0.2454184
0.0666525025040216,0.04556608,0.308090924925971,0.2922234
0.0079218138221992,0.010086316,0.3295375370144574,0.33925536
0.0,0.002553785,0.369099460024386,0.35596168
0.0,0.002977743,0.365223828601289,0.39225802
0.0,0.0023661894,0.3447134645532137,0.36572254
0.0,0.00043512112,0.3199137780874412,0.32629472
0.0,-0.00016186177,0.3081780177669395,0.2998597
0.0,-0.00026572234,0.302908900888347,0.29956713
0.0,-9.273994e-05,0.2891700052255704,0.3034339
0.0,0.0009483013,0.2634558439296289,0.28570148
0.0001821106625792,0.0042872117,0.2322983800731579,0.24695289
0.0183628251434121,0.017281158,0.2109606340358822,0.20314117
0.0993110146599083,0.103862844,0.1696568542065842,0.17794904
0.2274562175615382,0.2514884,0.1167914997387214,0.13080612
0.3612772027802228,0.3911801,0.0928191952621494,0.091424644
0.4713023947552129,0.47595674,0.0961287232189514,0.08850123
0.5243573011199806,0.5353688,0.1086700923184114,0.10794851
0.5442073633411236,0.53640753,0.121690472043198,0.1253867
0.5339181109053935,0.52816916,0.1343624804041107,0.1356012
0.5018969860685343,0.49068415,0.1549599372931545,0.14860779
0.4329984520593681,0.43671,0.1702882773036056,0.17211667
0.3471636264303275,0.33871686,0.1829385124542762,0.18540223
0.2473062797826812,0.24139544,0.1854642048423619,0.18815896
0.1431693325644216,0.13974376,0.1949790977181675,0.17866786
0.0559990287431329,0.04568723,0.1934767462114614,0.19155909
0.0060096518651167,0.008510439,0.1967862741682633,0.20284796
0.0,0.0003589046,0.2096106950008709,0.21001887
0.0,0.0013887476,0.2037537014457411,0.22082146
0.0,0.0028476946,0.1897535272600592,0.20491768
0.0,0.0020540901,0.1697221738373105,0.18098766
0.0,0.0010936252,0.1429193520292632,0.15608032
0.0,0.0008913105,0.1291586831562445,0.12737304
0.0,-0.0010933517,0.1131553736282877,0.11786525
0.0,-0.0010548319,0.1079515763804215,0.10400757
9.105533128964702e-05,0.0032022134,0.1109345061835917,0.10104591
0.0123228215011988,0.020008253,0.1103030830865702,0.10724546
0.0627371232585667,0.083310954,0.0849155199442605,0.103959516
0.1551582845175585,0.17206828,0.0671485803866922,0.07013368
0.2705253892615412,0.27501357,0.0508186727051036,0.063345894
0.3770297750933317,0.37752497,0.0412384601985716,0.05709002
0.456156857984035,0.4526154,0.0368620449399059,0.054586776
0.5148571948887607,0.495318,0.0379724786622539,0.053924814
0.5520684736091298,0.5287624,0.043328688381815,0.055554405
0.5474246517133579,0.53795743,0.0448963595192475,0.06090547
0.4928218047166661,0.4921288,0.0504703013412297,0.060290735
0.3928430509606337,0.39536458,0.0574595018289496,0.06355055
0.270677148147024,0.26445824,0.0605730708935725,0.06535198
0.1543691383130482,0.13941297,0.0663429716077338,0.06544329
0.055786566303457,0.04639513,0.0635124542762584,0.06606752
0.0059489483109236,0.008503752,0.0572635429367706,0.0710401
0.0,-0.0010303139,0.0614222260930151,0.063854426
0.0,-0.000106843654,0.0672792196481449,0.06224807
0.0,0.0006035869,0.0686509318933983,0.06839177
0.0,7.0645474e-06,0.0625979794460895,0.07002122
0.0,0.00046025822,0.0554563664866748,0.0609722
0.0,0.0014882701,0.0487502177321024,0.053085953
0.0,0.0012428663,0.0407159031527608,0.047354788
0.0,0.0015273492,0.0392135516460546,0.03976453
6.0703554193098006e-05,0.0042610127,0.0422835742901933,0.038880464
0.0113212128570127,0.012479418,0.0480099285838704,0.0425532
0.0733602452423589,0.055560075,0.0478792893224176,0.049220003
0.183051567669287,0.1809443,0.0367749520989374,0.042512245
0.3169939599963577,0.3198712,0.0286535446786274,0.036717046
0.4620147509636689,0.44140342,0.0280656680020902,0.03421329
0.5738306977873554,0.5605637,0.0276302037972478,0.040456563
0.6288281178863022,0.62800586,0.0303736282877547,0.043739237
0.6365981728230188,0.62961715,0.0319195262149451,0.045655254
0.5901903056423954,0.59581065,0.0340315276084305,0.04613617
0.5201991076577533,0.5046571,0.0412166869883295,0.049811598
0.4259264879958722,0.40781814,0.0514718690123671,0.05652033
0.2953227911494218,0.29349422,0.0644051558961853,0.06534372
0.1664491455974747,0.15108562,0.0715903152760843,0.07333401
0.0609767201869669,0.0477002,0.0759014109040236,0.07207385
0.0061310589735028,0.0077938363,0.0789061139174359,0.08486342
0.0,-0.0023878529,0.0837833130116704,0.089894846
0.0,-0.0008985896,0.0964553213725831,0.08721276
0.0,0.0002408789,0.0967601463159728,0.09850733
0.0,0.00026225485,0.0907942867096324,0.0981383
0.0,0.0011298568,0.0891830691517157,0.08707286
0.0,0.0013645801,0.082781745340533,0.084304616
0.0,0.00083097187,0.0754877199094234,0.07785858
0.0,0.0004711229,0.0734628113569064,0.06809725
9.105533128964702e-05,0.0023676218,0.0793851245427625,0.066045314
0.0145081494521504,0.011233247,0.0883339139522731,0.0761332
0.1018605639360184,0.06475903,0.083892179062881,0.08478056
0.2658512155886727,0.23416424,0.0545418916565058,0.07000384
0.4686314383707166,0.4486922,0.0317888869534924,0.044973023
0.654748535526755,0.6286665,0.052190384950357,0.038153887
0.7915136431238049,0.7451891,0.0841970040062706,0.07157101
0.8537651379488269,0.8286513,0.1021163560355338,0.10400614
0.8458736759037242,0.83209795,0.1070806479707368,0.11269049
0.7992229945063284,0.7735347,0.1099329385124542,0.1104902
0.6992442407502959,0.6841774,0.1106950008709284,0.11460848
0.5544662639997572,0.5335785,0.1183156244556697,0.11769952
0.3710504750053116,0.35514492,0.1314448702316669,0.12393904
0.1901538835098795,0.17190015,0.1408508970562619,0.13032949
0.0594287795550429,0.045560397,0.1501262846194042,0.13777347
0.0052508574377029,0.0074922848,0.1807829646403065,0.17130059
0.0,-0.0014271649,0.2298815537362828,0.21077769
0.0,0.00033036002,0.2650670614875457,0.26052964
0.0,-0.0002562236,0.2674621146141787,0.28893977
0.0,-0.0017527563,0.2629986065145445,0.27092567
0.0,-0.0019867918,0.2377416826336875,0.2568022
0.0,-0.00051350787,0.1973523776345584,0.22623661
0.0,0.00037795934,0.1657159031527608,0.17730449
0.0,-0.00025164487,0.1500609649886779,0.14416878
6.0703554193098006e-05,0.0013616834,0.1338399233582999,0.13363814
0.0134458372537712,0.014133178,0.1174664692562271,0.1172669
0.0859865845145233,0.095191285,0.1031614701271555,0.0961072
0.2063920842565332,0.23189339,0.0635995471172269,0.07397507
0.3293167814975566,0.37422705,0.0437641525866573,0.04460565
0.4263210610981273,0.4490287,0.0514065493816408,0.04126907
0.4828967736060946,0.48652834,0.0667131161818498,0.06255206
0.5425380156008134,0.50218344,0.0687597979446089,0.08409484
0.5804473851944031,0.56207144,0.0571764500958021,0.083268315
0.5571372203842535,0.576598,0.0616617314056784,0.069894426
0.4834431055938325,0.4964843,0.0720475526911687,0.07782857
0.394573102255137,0.3802645,0.0741813272948963,0.08834829
0.2699790572738034,0.27572864,0.0755748127503919,0.08444053
0.1459313442802076,0.14178073,0.0851332520466817,0.08005471
0.0519622423892918,0.037877772,0.0867444696045985,0.08627306
0.0046438218957719,0.0074960995,0.092383731057307,0.095666915
0.0,-0.00042860187,0.0813011670440689,0.099634886
0.0,0.0014324876,0.0754877199094234,0.07677939
0.0,0.001492937,0.0754441734889392,0.06761163
0.0,-0.00016881153,0.0723523776345584,0.072171345
0.0,-0.000100750825,0.0706758404459153,0.07088631
0.0,0.00034696492,0.0779480926667827,0.06780054
0.0,-0.0004987187,0.0799512280090576,0.076420866
0.0,-0.00033248297,0.0835655809092492,0.07886584
3.0351777096549003e-05,0.0035857137,0.0869839749172618,0.081228524
0.0098643275563784,0.015884165,0.0895532137258317,0.08469348
0.0728746168088141,0.06903637,0.0799947744295418,0.08599377
0.1963456460375755,0.18421239,0.0625326598153631,0.066620976
0.3599720763650711,0.34210765,0.0484453927887127,0.055001955
0.5093635232342854,0.50241977,0.0563926145270858,0.05109165
0.6054572495219596,0.60215414,0.0693694478313882,0.07002376
0.6321971651440191,0.64230824,0.0816277651977007,0.08351947
0.6351412875223844,0.61484504,0.0960416303779829,0.09164078
0.5843020608856648,0.5909187,0.1058613481971781,0.10429679
0.5288493641302698,0.4945125,0.0981536317714683,0.117090344
0.4396454912435123,0.4242144,0.0980012192997735,0.10061875
0.2958084195829666,0.30556953,0.0872234802299251,0.10066947
0.1647190943029714,0.14465111,0.0661252395053126,0.08385244
0.0538440525692779,0.04734602,0.0532572722522208,0.05875763
0.0040064345767444,0.0074422583,0.050339662079777,0.061000507
0.0,-0.0027461145,0.0493816408291238,0.061600722
0.0,-0.0002443043,0.040759449573245,0.0535826
0.0,0.0015858521,0.0409771816756662,0.040900074
0.0,0.0009933468,0.041499738721477,0.043728273
0.0,0.00058629806,0.0384950357080648,0.046550207
0.0,0.0011659185,0.0367531788886953,0.04329236
0.0,0.00056082057,0.040389304999129,0.03979019
0.0,-0.00045080238,0.0479010625326598,0.04179495
3.0351777096549003e-05,0.001694314,0.0500566103466295,0.04817997
0.0109266397547576,0.012707392,0.0509710851767984,0.049326748
0.1003126233040944,0.07496889,0.0449616791499738,0.048882164
0.2866118311227122,0.2352967,0.027847935899669,0.038409203
0.5106079460952438,0.48515868,0.0178322591882947,0.027150366
0.6885907669894072,0.6770323,0.0209458282529176,0.031569652
0.7828330348741919,0.76961577,0.0227965511234976,0.04109127
0.7939417852915288,0.79988647,0.0291107820937118,0.036568113
0.7784016754180957,0.7526349,0.031897753004703,0.039207615
0.7323276777855343,0.70895684,0.0322243511583347,0.043454293
0.6561447172731963,0.62139165,0.0293067409858909,0.048768356
0.544723343551765,0.51237214,0.030242989026302,0.0462135
0.3807933954533038,0.36697373,0.0340968472391569,0.047177777
0.1987737882052994,0.19170812,0.0417392440341403,0.046270795
0.05760767292925,0.045660365,0.0548902630203797,0.047322124
0.0032476401493307,0.0038552484,0.0816495384079428,0.07529062
0.0,-0.004410199,0.1183809440863961,0.10574292
0.0,0.00021794369,0.1674795331823724,0.13426886
0.0,-0.0007197261,0.2149451315101898,0.19025135
0.0,-0.0033862246,0.2538320850026128,0.24395946
0.0,-0.0015946495,0.2802212158160599,0.28120282
0.0,-5.1593874e-05,0.2860564361609475,0.3025488
0.0,-0.0008624195,0.2786970910991116,0.29800376
0.0,-0.0020029119,0.2428366138303431,0.27903378
3.0351777096549003e-05,-2.8157374e-06,0.2218690123671834,0.22202614
0.0098643275563784,0.011601277,0.2324290193346107,0.19659129
0.0721461741584969,0.07996781,0.2180151541543285,0.22204342
0.1874829271253832,0.20461598,0.1788233757185159,0.19984484
0.3488633259477342,0.34766486,0.1409379898972304,0.15660138
0.5310346920812213,0.49628723,0.1405242989026302,0.12511207
0.70677148147024,0.6488911,0.1444434767462114,0.14861012
0.7865663034570675,0.7913846,0.1448571677408117,0.15836523
0.7807084104774334,0.7886846,0.1428540323985368,0.15522204
0.735514614380672,0.73038566,0.1345584392962898,0.14312713
0.6417276231523356,0.6401474,0.1176624281484062,0.13765506
0.518408352809057,0.49752143,0.0993511583347848,0.12348293
0.35338574073512,0.3451237,0.0790367531788887,0.10118614
0.182444532127356,0.17339264,0.0660599198745863,0.078577355
0.0515676692870367,0.048055694,0.0657550949311966,0.061149616
0.0026709563844963,0.010176813,0.0961504964291935,0.07446614
0.0,-0.0004259121,0.1450748998432328,0.11798485
0.0,0.00072192727,0.2080212506531963,0.16928634
0.0,0.00021063047,0.2726876850722871,0.24358714
0.0,-0.0015896298,0.3335438076990071,0.31302503
0.0,-0.00039811758,0.3684027172966382,0.37244096
0.0,0.0014703072,0.3603248562968124,0.39533788
0.0,0.001971822,0.3591055565232537,0.36196488
0.0,0.00059197785,0.3814013238111827,0.35728085
6.0703554193098006e-05,0.0021873352,0.379986065145445,0.395231
0.0105017148754059,0.012441189,0.3935507751262846,0.38288772
0.0856830667435578,0.06424284,0.4148885211635603,0.3934176
0.2436337147539988,0.21940902,0.3800731579864135,0.41720003
0.417185176192066,0.44586694,0.3189775300470301,0.355331
0.5575317934865086,0.57434195,0.2943302560529524,0.2971226
0.6486478283303487,0.6426297,0.2942867096324682,0.29389483
0.724679029957204,0.68885076,0.2954624629855426,0.30397713
0.7514189455792637,0.7403226,0.2979663821633861,0.303867
0.7086532916502262,0.71141076,0.3138608256401324,0.30992845
0.6081282059064558,0.6146854,0.3311052081518899,0.3289751
0.4685403830394269,0.46945268,0.3167566626023341,0.34437728
0.3169636082192612,0.30204085,0.2959414736108692,0.3101211
0.1580113515646341,0.15006445,0.2670701968298206,0.27392495
0.0441314838983822,0.03199681,0.2532659815363177,0.24730635
0.0027013081615928,0.004719855,0.2557916739244034,0.25997883
0.0,-0.0005303982,0.2477138129245776,0.27133214
0.0,0.0040398324,0.2423793764152586,0.24959117
0.0,0.0021632516,0.2414213551646054,0.23639107
0.0,0.0002448582,0.2401802821808047,0.23784062
0.0,0.0005282146,0.2398972304476572,0.23918
0.0,0.0010650181,0.2465162863612611,0.24162231
0.0,0.0002693474,0.2591665215119317,0.25315866
0.0,0.0003248468,0.2896272426406549,0.2699593
3.0351777096549003e-05,0.0037965314,0.3080473785054868,0.30776092
0.0067987980696269,0.017540796,0.3527913255530395,0.31918943
0.0422800254954927,0.07439403,0.3674229228357429,0.3692842
0.1162776580568792,0.15384051,0.3599329385124543,0.37746656
0.1930980058882447,0.24862558,0.362828775474656,0.35411638
0.2972653048836009,0.2860923,0.4022600592231318,0.36719766
0.3801863599113728,0.37278968,0.4578035185507751,0.42901164
0.4302364403435821,0.4184816,0.4886343842536143,0.49964225
0.4636537469268825,0.43698573,0.4987153805957151,0.51074165
0.4675691261723373,0.45593065,0.5098850374499216,0.50442255
0.4506935381066561,0.42514157,0.5263238111827208,0.5232061
0.3868030473184205,0.38474298,0.5117575335307437,0.54138947
0.2800558472698576,0.28711104,0.4909858909597631,0.50250447
0.1568883358120618,0.15213272,0.4626589444347674,0.47077793
0.0485628433544784,0.042398017,0.3911339487894095,0.43927443
0.0022460315051446,0.004740134,0.3682720780351855,0.36061096
0.0,-0.0019716907,0.3658334784880683,0.35995692
0.0,0.0020553814,0.3969909423445392,0.37176943
0.0,0.0011612098,0.3980142832259188,0.41680166
0.0,0.0009180862,0.3885647099808396,0.40312508
0.0,0.0005914269,0.3742814840620101,0.37960356
0.0,-0.00058348954,0.3493293851245427,0.36460024
0.0,-0.0008246215,0.3493729315450269,0.33603442
0.0,-0.000529821,0.3522905417174708,0.3468566
3.0351777096549003e-05,0.0032387397,0.3647883643964466,0.35613585
0.0078307584909096,0.011733298,0.3736065145445044,0.37134475
0.063799435456946,0.048817933,0.3716686988329559,0.37860608
0.1876346860108659,0.16375521,0.3981013760668873,0.3683843
0.3639481591647191,0.32446486,0.4658596063403588,0.41142988
0.5046286460072237,0.50252295,0.5038103117923707,0.5132217
0.5634807417974322,0.5902083,0.5381466643441909,0.53454864
0.5804473851944031,0.57645994,0.5497517854032399,0.5554273
0.5775943181473275,0.57232994,0.559549730012193,0.5512171
0.5539502837891158,0.5323023,0.5541935202926319,0.569772
0.49524994688439,0.4887824,0.5421964814492248,0.55413127
0.4261996539897411,0.39191404,0.533552516983104,0.54049003
0.3091328497283516,0.3162349,0.4985847413342623,0.5286425
0.1669044222539229,0.16745724,0.4463290367531788,0.47252625
0.0463775154035268,0.045629982,0.3688817279219648,0.40430677
0.0018211066257929,0.0037426408,0.3221128723218951,0.3341787
0.0,-0.0010145006,0.3025169831039888,0.30308285
0.0,0.0026050773,0.287428148406201,0.2946366
0.0,0.0016761817,0.2642179062881031,0.28031456
0.0,0.00023558305,0.2478009057655461,0.24879155
0.0,-0.00013375771,0.2377634558439296,0.23295918
0.0,-0.0006944555,0.2324725657550949,0.23090655
0.0,-0.0010439323,0.2042327120710677,0.23151907
0.0,0.0007344211,0.1898406201010277,0.19428463
3.0351777096549003e-05,0.0035070062,0.1894051558961853,0.17814381
0.0089234224663854,0.015552051,0.1807829646403065,0.18476148
0.0756366285246001,0.08356816,0.1688294722173837,0.17396894
0.1991076577533614,0.20558181,0.1506923880856993,0.15595366
0.3382402039639421,0.35444617,0.1529132555303954,0.14404327
0.4623789722888275,0.46167642,0.179019334610695,0.16029894
0.5284851428051113,0.54027903,0.2106340358822504,0.1996275
0.5327343915986281,0.55377245,0.2275735934506183,0.23308942
0.5161319695268158,0.51173925,0.228248562968124,0.23989692
0.4953713539927762,0.4778812,0.2431632119839749,0.23124647
0.463289525601724,0.44032872,0.2681588573419265,0.25586852
0.3873493793061583,0.3892455,0.2597108517679846,0.28570703
0.278416851306644,0.28558588,0.2502395053126633,0.25218102
0.1496949646401796,0.15416367,0.2351724438251175,0.22616431
0.0431298752541961,0.035258655,0.1988547291412646,0.21756014
0.0015479406319239,0.005356784,0.1767331475352726,0.19446556
0.0,0.0006108589,0.163908726702665,0.17396021
0.0,0.0029980121,0.1635821285490332,0.1583125
0.0,0.002039176,0.1619709109911165,0.1617346
0.0,0.0006463539,0.1437902804389479,0.16117685
0.0,0.0017142892,0.1302908900888346,0.13497819
0.0,0.0012415752,0.1136997038843407,0.1200705
0.0,-0.00017598938,0.1044243163211983,0.10513889
0.0,-0.0009419456,0.0969125587876676,0.09806604
0.0,0.002857519,0.0871799338094408,0.092561245
0.0082253315931647,0.017775014,0.0781222783487197,0.0815806
0.0973077973715361,0.07797869,0.0781658247692039,0.07169455
0.2742283060673202,0.22379133,0.0823898275561748,0.0708351
0.4454123288918566,0.45802692,0.0921006793241595,0.08488036
0.5705223540838316,0.5775839,0.1257838355687162,0.1071175
0.621907912708289,0.63472766,0.1701358648319108,0.14652981
0.6335326433362674,0.6323475,0.2150322243511583,0.19244863
0.611618660272559,0.61277133,0.2469082041456192,0.23835894
0.5332503718092695,0.55931187,0.2595148928758056,0.2679438
0.4268370413087686,0.43496245,0.2973131858561226,0.27104124
0.3396363857103833,0.30045635,0.3380073157986413,0.31538036
0.2352869760524478,0.22994234,0.3844713464553214,0.3583526
0.1137584605578656,0.12672766,0.4180238634384253,0.40601647
0.0290162989043008,0.022022814,0.4371625152412471,0.43764934
0.0008498497587033,0.00070794264,0.4690602682459501,0.45836946
0.0,-0.001497232,0.5503178888695349,0.49438685
0.0,-0.0009861554,0.6015284793589967,0.59829104
0.0,-0.0002765148,0.6390872670266504,0.6330496
0.0,-2.4305074e-05,0.6729881553736283,0.6526201
0.0,0.0003911663,0.7000087092840969,0.68559253
0.0,-0.00018150918,0.7148362654589793,0.71055794
0.0,-0.002189273,0.724547117226964,0.7200501
0.0,-0.003963686,0.7341926493642222,0.72909755
0.0,-0.0015285613,0.740049642919352,0.7392004
0.0063435214131787,0.019896224,0.7756706148754572,0.740365
0.066015115184994,0.06882444,0.8013847761713987,0.78522396
0.1974079582359547,0.1662755,0.8438860825640132,0.81016195
0.3256138646917777,0.32102138,0.9087920222957672,0.86888975
0.4148784411327283,0.3914001,0.9294983452360216,0.95121115
0.4787082283667709,0.44826615,0.930674098589096,0.92898387
0.5151910644368228,0.48347545,0.9304128200661904,0.92987496
0.5398367074392205,0.49246752,0.9416260233408814,0.9332957
0.5195617203387258,0.49539432,0.9358996690472045,0.9406272
0.4572495219595107,0.4336226,0.9291717470823898,0.92235386
0.3629161987434364,0.34452665,0.9402978575161122,0.91124684
0.2348620511730962,0.22454038,0.9392091970040064,0.9259584
0.1104501168543418,0.097927414,0.9218994948615225,0.9059475
0.0252526785443287,0.023308493,0.8913952273123149,0.8863152
0.0005159802106413,0.0031975543,0.8509188294722174,0.8649771
0.0,-0.0012630121,0.8021250653196307,0.8252385
0.0,-0.0029769463,0.75370144574116,0.77245337
0.0,-0.004377673,0.7174490506880334,0.7207078
0.0,-0.0035433262,0.696524995645358,0.6894252
0.0,-0.0018835373,0.6574856296812401,0.6800947
0.0,5.2203657e-05,0.5917305347500436,0.6329517
0.0,0.0012887096,0.5357516112175579,0.5504867
0.0,0.0018873278,0.5073593450618359,0.49803644
0.0,0.005666791,0.4674925971085176,0.4860716
0.0061614107505994,0.02861464,0.4472217383731057,0.43980852
0.0807964306310134,0.07694967,0.4125152412471695,0.42772686
0.235408383160834,0.21080405,0.3816843755443302,0.39137018
0.4008559201141227,0.40660852,0.3613481971781919,0.36738503
0.517528151273257,0.5330533,0.3517244382511757,0.36318004
0.5710079825173764,0.5833997,0.309745688904372,0.35892498
0.5569854614987707,0.593616,0.2751262846194043,0.29652357
0.5315506722918627,0.51752746,0.2434680369273645,0.26507333
0.4978601997146933,0.48168647,0.21165737676363,0.23478046
0.4730020942726197,0.42885453,0.1726397840097543,0.20639941
0.4297811636871338,0.4024686,0.130726354293677,0.16158888
0.3286490424014326,0.33117545,0.0911862044939905,0.113038614
0.169120101981971,0.18327764,0.0593102246995297,0.06178953
0.0379700731477828,0.039237704,0.0406941299425187,0.030402042
0.0006070355419309,0.0049164267,0.0512105904894617,0.044492673
0.0,-0.0017333742,0.0901193171921268,0.061213486
0.0,0.0026038396,0.1242597108517679,0.1019342
0.0,0.002505086,0.1660425013063926,0.13803428
0.0,-3.8283644e-05,0.220323114439993,0.18384826
0.0,0.00046307966,0.2686596411774952,0.250805
0.0,0.0014092922,0.3160381466643442,0.30402404
0.0,0.0005000295,0.3601724438251176,0.35056615
0.0,-1.9121158e-05,0.3961417871450967,0.39266282
0.0,0.0033267355,0.4236631248911339,0.42274916
0.0048562843354478,0.021216044,0.4297813969691691,0.4410429
0.0481986220293198,0.0848266,0.4050252569238808,0.43097162
0.1571615018059307,0.16103262,0.3579733495906636,0.3900133
0.2958691231371597,0.30437073,0.3395749869360738,0.32759464
0.4132394451695146,0.41776145,0.3247909771816756,0.3301285
0.51934925789905,0.48941362,0.3247038843407072,0.32499105
0.5606580265274532,0.57425255,0.3328035185507751,0.32937497
0.5388047470179379,0.55382717,0.3221781919526215,0.3453655
0.4839590858044738,0.48964143,0.3201097369796202,0.32044187
0.3965156159893162,0.40001348,0.2948528130987632,0.32193577
0.2959601784684493,0.28911474,0.2739287580560878,0.28871667
0.1780435244483564,0.17797357,0.2309484410381466,0.25890636
0.0835280905697028,0.07571684,0.2028609998258143,0.20688479
0.0202142835463016,0.018113928,0.1806523253788538,0.18846543
0.0004856284335447,0.0030407284,0.1827643267723393,0.18140295
0.0,0.0002514224,0.1827425535620972,0.19048879
0.0,0.001883917,0.1834392962898449,0.1875444
0.0,0.0017515502,0.2020336178366138,0.18442804
0.0,0.00036779395,0.2073898275561748,0.21074772
0.0,0.0011336724,0.2243511583347849,0.21597487
0.0,0.0014247941,0.2433591708761539,0.23580593
0.0,0.0011526633,0.2566190559136039,0.26001278
0.0,0.0013908747,0.243925274342449,0.27083123
0.0,0.0033709845,0.2266373454102072,0.24082604
0.0046438218957719,0.00960889,0.2261365615746385,0.21151741
0.0442225392296719,0.049226858,0.2239156941299425,0.21427664
0.1431996843415182,0.14079605,0.1992466469256227,0.21330698
0.2792059975111542,0.2841357,0.1833522034488765,0.18453681
0.3973047621938264,0.41196018,0.1926929106427451,0.17721197
0.4883297417063769,0.4709639,0.2225004354642048,0.2051517
0.5140680486842505,0.5228167,0.2389174359867618,0.24426112
0.4863872279721978,0.49642783,0.2419874586309005,0.25585654
0.444714238018636,0.42743972,0.230839574986936,0.2481143
0.3703220323549944,0.37221384,0.214988677930674,0.23119304
0.2752906182656994,0.26832852,0.1972217383731057,0.21076612
0.1816553859228457,0.16208836,0.1757533530743772,0.18261182
0.0924818648131848,0.083083645,0.1470562619752656,0.15831484
0.0243421252314323,0.020712914,0.1123279916390872,0.13487585
0.0005766837648344,0.005200596,0.094952969865877,0.10488761
0.0,0.0009056365,0.0882903675317888,0.088073105
0.0,0.0017756429,0.0835002612785229,0.08330117
0.0,0.0018160909,0.0728531614701271,0.08120079
0.0,0.0017728172,0.0615093189339836,0.07005114
0.0,0.0024223838,0.0570458108343494,0.05807795
0.0,0.002585223,0.0529306740985891,0.05638279
0.0,0.001850249,0.0533879115136735,0.054048438
0.0,0.0008993052,0.0567409858909597,0.05344638
0.0,0.0024969818,0.0600069674272774,0.056641657
0.0045527665644823,0.010117746,0.0575683678801602,0.060430035
0.0377879624852035,0.054581538,0.0624673401846368,0.056669638
0.1206483139587822,0.13291258,0.0626197526563316,0.06254707
0.2198379215103044,0.23888186,0.0647970736805434,0.06727328
0.2929250007587944,0.32755107,0.0676493642222609,0.07442884
0.3451300573648587,0.34661442,0.0673445392788712,0.08331032
0.37229489786627,0.36654514,0.0806044243163212,0.08218433
0.349348954381279,0.3643269,0.0989810137606688,0.0970385
0.3139284305096063,0.29587847,0.1255443302560529,0.12025154
0.2670349348954381,0.24747011,0.154698658770249,0.14625339
0.2046013294078368,0.19798094,0.1879898972304476,0.17213793
0.1361580720551188,0.12722336,0.2173619578470649,0.20169684
0.062585364373084,0.059633,0.242640654938164,0.22991484
0.014872370777309,0.009413049,0.2522861870754224,0.2632042
0.0003945731022551,-0.0015749298,0.2625631423097021,0.27134344
0.0,-0.0014021101,0.2868184985194217,0.27636695
0.0,-0.0004800139,0.2867096324682111,0.30567378
0.0,-0.00024421257,0.2866443128374847,0.29628542
0.0,-0.0003037767,0.2671137432503048,0.2886999
0.0,-0.0001449082,0.2374150844800557,0.26065618
0.0,0.00017944374,0.2076728792893224,0.22316006
0.0,-0.0010537518,0.1855512976833304,0.19141136
0.0,-0.002500832,0.1718559484410381,0.1722899
0.0,-0.0012026115,0.1680891830691517,0.16321105
0.0039153792454548,0.0052268906,0.1612523950531266,0.16352405
0.0325978086016936,0.034171835,0.1458587354119491,0.15484378
0.1122105199259416,0.10806713,0.120950182894966,0.13077682
0.2210216408170698,0.21726364,0.097914126458805,0.104644075
0.32673688044435,0.32458106,0.0839574986936073,0.09215908
0.422436033629769,0.39539075,0.0767723393137084,0.08945938
0.5047500531156099,0.46225983,0.0705452011844626,0.088869244
0.5214738822958084,0.51711184,0.0728967078906114,0.08327909
0.4882993899292803,0.47189504,0.0654067235673227,0.08641717
0.4138768324885422,0.40076885,0.0672356732276606,0.07291995
0.3247640149330743,0.29555392,0.0659510538233757,0.072855495
0.2071205269068504,0.20112336,0.0591360390175927,0.06658553
0.0953956354144535,0.08705402,0.0549773558613482,0.057664167
0.0215194099614532,0.018656466,0.0494034140393659,0.056377176
0.0002124624396758,0.0018909936,0.0474002786970911,0.05628345
0.0,-0.00074448914,0.0535403239853684,0.050689742
0.0,0.0006406307,0.0662341055565232,0.05400868
0.0,-8.888263e-05,0.0677364570632294,0.0699942
0.0,0.00028833363,0.067300992858387,0.071236864
0.0,0.0017231441,0.0660816930848284,0.06711967
0.0,0.0026469773,0.0668002090228183,0.06542548
0.0,0.002149909,0.067300992858387,0.06612723
0.0,0.0013473755,0.0634471346455321,0.065191254
0.0,0.002316133,0.0620318759797944,0.058747154
0.004370655901903,0.0075622266,0.071176624281484,0.056618653
0.0429174128145202,0.026042279,0.0841534575857864,0.069699794
0.1419552614805596,0.122687444,0.0752917610172443,0.07856194
0.2672777491122105,0.27414194,0.0468559484410381,0.06893369
0.3907184265638753,0.40050948,0.0516678279045462,0.04388074
0.468874252587489,0.47367412,0.0600505138477617,0.05908127
0.5161319695268158,0.49849775,0.0667784358125762,0.0754002
0.5261784077457735,0.5150538,0.0773602159902456,0.07997748
0.5044465353446445,0.48862094,0.0849372931545027,0.091023885
0.4392205663641606,0.43425494,0.0912515241247169,0.09720057
0.3448265395938932,0.33111787,0.093842536143529,0.10058795
0.2238747078641454,0.21926011,0.0960851767984671,0.092859074
0.1048046863143837,0.09691146,0.0909249259710851,0.09494656
0.0214587064072601,0.01899304,0.0806915171572896,0.09364848
0.0001821106625792,0.0005446591,0.0924490506880334,0.09033548
0.0,-0.0017433127,0.1025735934506183,0.10027745
0.0,0.0006053995,0.1020945828252917,0.10777806
0.0,0.0008980109,0.0843276432677233,0.10271679
0.0,0.0012195341,0.0688468907855774,0.07804479
0.0,0.0020071839,0.0607254833652673,0.061731886
0.0,0.0021827836,0.0503614352900191,0.058781452
0.0,0.0018404338,0.046093886082564,0.050685644
0.0,0.0010606297,0.0417174708238982,0.044995748
0.0,0.0025269208,0.0414779655112349,0.04053323
0.0033083437035238,0.009566014,0.0471607733844278,0.041158184
0.0493519895589886,0.039449185,0.0507968994948615,0.049356684
0.1698788964093847,0.14832665,0.0412166869883295,0.049702156
0.3325947734239839,0.31801942,0.0285446786274168,0.041050717
0.5110025191974991,0.48568693,0.0273689252743424,0.033185624
0.6418490302607218,0.6249918,0.0316582476920397,0.041397586
0.7146022399611497,0.6902431,0.03135342274865,0.048361395
0.7144808328527635,0.70670575,0.0410642745166347,0.04402222
0.6617294442589614,0.64580834,0.051254136909946,0.05239436
0.569884966764804,0.54878396,0.0582433373976659,0.061040644
0.4456247913315325,0.42053014,0.0637084131684375,0.067760855
0.2871885148875466,0.27624008,0.0640567845323114,0.07153189
0.1311500288341882,0.12727547,0.060115833478488,0.06573618
0.0260114729717424,0.023400942,0.0537798292980317,0.06316686
0.0001214071083861,-4.0413055e-05,0.0530395401497996,0.0674658
0.0,-0.0029070303,0.055325727225222,0.06067972
0.0,-2.279412e-05,0.0568498519421703,0.056488834
0.0,-0.00090016215,0.0601593798989723,0.059042312
0.0,-0.00092609436,0.0563708413168437,0.06432544
0.0,0.0019469538,0.0635995471172269,0.060439497
0.0,0.0030300608,0.0780569587179933,0.066979624
0.0,0.0012189533,0.1025518202403762,0.08272854
0.0,-0.002268219,0.1324028914823201,0.11058353
0.0,-0.0031256326,0.1570066190559136,0.14358772
0.0036725650286824,0.003377272,0.1816321198397491,0.1662518
0.0709928066288281,0.036142584,0.2035359693433199,0.18654943
0.237229489786627,0.19007157,0.2185594844103814,0.19990647
0.4299632743497131,0.4233771,0.2049730012192997,0.22062203
0.5867909066075819,0.5961751,0.204646403065668,0.21252692
0.6489209943242177,0.67900074,0.235259536666086,0.21873233
0.6476765714632592,0.662534,0.278588225047901,0.2583482
0.6101921267490211,0.6138209,0.3354380769900714,0.30448812
0.5409597231917929,0.5359665,0.3864962550078383,0.36937004
0.440738155218988,0.43727216,0.4240985890959763,0.4156966
0.3198470270434334,0.31366596,0.4383382685943215,0.44696683
0.1906395119434243,0.18885237,0.4309789235324856,0.44334674
0.0783682884632895,0.08009311,0.4231841142658073,0.42027235
0.0122014143928127,0.010272338,0.4362044939905939,0.42314607
6.0703554193098006e-05,-0.004267823,0.4592840968472391,0.45494384
0.0,-0.0016746914,0.5067061487545723,0.4792775
0.0,-0.0011137805,0.5042022295767288,0.53475803
0.0,-0.00028423755,0.4787275735934506,0.5052953
0.0,0.00042235502,0.4537754746559833,0.45808062
0.0,-6.2241685e-05,0.4319369447831388,0.43636125
0.0,-0.0006131071,0.399516634732625,0.42060027
0.0,-0.0009852857,0.3861696568542065,0.3830313
0.0,-0.002294997,0.3846455321372583,0.3766039
0.0,0.000185493,0.3742161644312837,0.38347185
0.0030351777096549,0.016624648,0.3525518202403762,0.36498284
0.0369988162806932,0.07650058,0.3174316321198397,0.3306146
0.1351868151880292,0.13888036,0.2852290541717471,0.290982
0.268856041521231,0.26664206,0.2469735237763455,0.26292
0.4211309072146174,0.39650816,0.229903326946525,0.23506553
0.5555285761981364,0.52393544,0.2341055565232538,0.23196542
0.650377879624852,0.6209109,0.2543110956279393,0.25057903
0.6756609099462774,0.6707102,0.2659815363177147,0.2754506
0.6390870185449358,0.6369589,0.2561182720780351,0.27930054
0.5486690745743164,0.55199105,0.2418785925796899,0.25720564
0.4190669863720521,0.41705412,0.2249172618010799,0.2408832
0.2652138282696452,0.25925535,0.1973959240550426,0.2123181
0.114274440768507,0.11242868,0.1685464204842361,0.17341769
0.0177861413785777,0.021851234,0.1585960634035882,0.1573679
3.0351777096549003e-05,0.0029059332,0.1657376763630029,0.17145067
0.0,0.002825216,0.1711592057132903,0.17801866
0.0,0.0043232967,0.1870536491900365,0.1744405
0.0,0.0010574167,0.1841360390175927,0.19263992
0.0,0.0004062589,0.1737719909423445,0.18375567
0.0,0.0016681268,0.166499738721477,0.1657686
0.0,0.0022403437,0.1595540846542414,0.16171718
0.0,0.001807422,0.1534358125762062,0.15879172
0.0,0.0013165642,0.1708761539801428,0.1527621
0.0,-0.0002736654,0.1893180630552168,0.17665957
0.0029137706012687,0.0057562124,0.2183852987284445,0.1997233
0.0416729899535617,0.031113649,0.261801079951228,0.22972736
0.1389200837709047,0.1399965,0.280242989026302,0.2754984
0.2452727107172125,0.28855842,0.27508273819892,0.28559256
0.3467690533280723,0.37035728,0.2769770074899843,0.27558815
0.4343339302516162,0.42029095,0.2911078209371189,0.28345856
0.5001062312198379,0.47794902,0.3186727051036405,0.3057645
0.5369229368379519,0.5129998,0.3367226963943563,0.34224713
0.501714875405955,0.5211266,0.3490027869709109,0.35525653
0.4203721127872037,0.4243067,0.3460851767984672,0.36180753
0.3130785807509029,0.31285435,0.3361348197178191,0.34463125
0.1825962910128388,0.18869099,0.3275779480926667,0.32459414
0.0759401462955656,0.06750021,0.309919874586309,0.31822178
0.0138707621331228,0.011047073,0.2658508970562619,0.30823052
6.0703554193098006e-05,0.0010909991,0.2296420484236195,0.25568324
0.0,0.0014211182,0.2287275735934506,0.21105191
0.0,-0.00042630732,0.2311443999303257,0.2243199
0.0,-0.0014013471,0.2316234105556523,0.23669867
0.0,-0.00048659614,0.2405504267549207,0.2346076
0.0,-0.00045786775,0.2434462637171224,0.2461787
0.0,7.400522e-06,0.2417261801079951,0.25051725
0.0,-1.832412e-05,0.2359780526040759,0.24544959
0.0,-9.778456e-05,0.2208892179062881,0.23564714
0.0,0.0018053071,0.2292719038495035,0.21400446
0.0027316599386894,0.007617833,0.2202577948092667,0.22846594
0.0561507876286156,0.041652575,0.2156854206584218,0.21483362
0.2105502777187604,0.16016127,0.1712680717645009,0.20162627
0.4064406470998877,0.39236206,0.1439862393311269,0.14917815
0.5688226545664249,0.5717293,0.1507141612959414,0.13885137
0.6328345524630468,0.65882516,0.1737502177321024,0.16749737
0.6043949373235803,0.6446694,0.1878157115485107,0.1913085
0.559595714329074,0.55142117,0.1821982233060442,0.19614026
0.4814095365283637,0.49232006,0.1759493119665563,0.18327406
0.4031626551734604,0.37598562,0.1632555303954015,0.18197316
0.3127750629799374,0.29489702,0.1377373279916391,0.16099145
0.1982881597717546,0.19922405,0.1179454798815537,0.120828345
0.0868971378274198,0.085145734,0.0924055042675492,0.101536214
0.0130816159286126,0.017514013,0.066930848284271,0.08393281
3.0351777096549003e-05,0.00039690954,0.0662123323462811,0.06694034
0.0,-0.000659941,0.0739853684027173,0.06658354
0.0,0.0013458463,0.0872017070196829,0.0764706
0.0,0.0014215584,0.0867444696045985,0.09205209
0.0,0.0025173826,0.0828252917610172,0.08806285
0.0,0.0037316359,0.085917087615398,0.07874213
0.0,0.0029679844,0.09107733844278,0.08224843
0.0,-5.1015173e-05,0.0908813795506009,0.09108901
0.0,-0.0020558534,0.0806915171572896,0.08814468
0.0,9.545486e-05,0.0769465249956453,0.072365254
0.0022460315051446,0.010702932,0.0715467688556,0.06907089
0.0535101830212158,0.06905484,0.0689993032572722,0.06582178
0.2057546969375057,0.16410244,0.0580691517157289,0.06655069
0.4007041612286399,0.3794464,0.0431980491203623,0.056815624
0.589674325431754,0.5705149,0.0486195784706497,0.047646858
0.6944183081919446,0.69095945,0.0683025605295244,0.06227064
0.7327222508877895,0.7155918,0.0867880160250827,0.08099899
0.7166358090266185,0.7034756,0.1040323985368402,0.09268792
0.669560202749871,0.63917357,0.1185986761888172,0.1105063
0.5930737244665675,0.5565913,0.1308787667653718,0.12617967
0.4503900203356906,0.4451554,0.1415911862044939,0.13980564
0.2914984672352566,0.26501802,0.1451837658944434,0.14334095
0.1247761556439129,0.12373197,0.1458151889914649,0.13575518
0.0164810149634261,0.019352444,0.1617749520989374,0.14933813
0.0,-0.00267399,0.1864439993032572,0.19209668
0.0,-0.0010062484,0.2269857167740811,0.21202868
0.0,0.0014517067,0.2531788886953492,0.25014466
0.0,-0.0018839394,0.2869273645706323,0.2717053
0.0,-0.0024115783,0.3251611217557916,0.3055422
0.0,-0.0006643217,0.3649407768681414,0.35059878
0.0,0.00021850993,0.3865833478488068,0.39578855
0.0,0.00010475109,0.4045462462985542,0.40838996
0.0,-0.0012143205,0.4195697613656157,0.419693
0.0,-0.00046568958,0.4424316321198397,0.43242735
0.0020032172883722,0.0071513057,0.4556479707368054,0.45589224
0.0504446535344644,0.05309379,0.4345279568019509,0.46031332
0.1868758915834522,0.1694453,0.3957716425709806,0.4166476
0.3692597201566152,0.35713327,0.364679498345236,0.36570522
0.5329165022612073,0.5253434,0.3585612262672008,0.35248113
0.6506813973958175,0.6290551,0.4018463682285316,0.3683055
0.7130846511063222,0.69552505,0.4192213900017418,0.428742
0.7242844568549489,0.7169009,0.39566277651977,0.42812747
0.6780283485598082,0.68276685,0.3728444521860303,0.38923186
0.589674325431754,0.585648,0.339618533356558,0.37354493
0.4591009803624002,0.45985663,0.2907376763630029,0.3345735
0.2827571554314505,0.29295582,0.2555303954014979,0.26802468
0.107809512246942,0.1081249,0.2165563490681065,0.22576171
0.0119586001760403,0.019162038,0.1886866399581954,0.2030331
0.0,0.0043437323,0.180129768333043,0.19631135
0.0,0.0054740636,0.1832868838181501,0.1836234
0.0,0.004549782,0.1884689078557742,0.18448634
0.0,0.000981553,0.2095236021599024,0.19050646
0.0,-0.0007927497,0.2237415084480055,0.21794909
0.0,0.00048867427,0.2316887301863786,0.2344278
0.0,0.0015148013,0.2327773906984845,0.23962808
0.0,0.0010458537,0.232864483539453,0.23649332
0.0,0.0008318403,0.2416173140567845,0.2347507
0.0,0.0028366344,0.2460808221564187,0.24684112
0.0016693477403101,0.0104663875,0.2575988503744992,0.24813834
0.0503839499802713,0.05838995,0.2809397317540498,0.257618
0.2025070567881749,0.17310056,0.2940254311095628,0.2828445
0.3929644580690199,0.3988853,0.2966164431283748,0.29410362
0.5592314930039154,0.57112134,0.307894966033792,0.3061841
0.674871763741767,0.664185,0.3224830168960111,0.32604754
0.7233131999878593,0.73415005,0.3357864483539453,0.33522218
0.7137220384253498,0.71961284,0.3606079080299599,0.34781265
0.6530791877864449,0.66031337,0.3607603205016547,0.37605584
0.5567426472819984,0.5563414,0.3811400452882773,0.3657903
0.4180046741736729,0.41709343,0.384601985716774,0.39476305
0.2500075879442741,0.2519947,0.3777434244905068,0.3833893
0.0954563389686466,0.095823415,0.36430935377112,0.36089993
0.0102892524357301,0.011729831,0.3562968124020205,0.36362988
0.0,-0.0021451465,0.3721259362480404,0.3708834
0.0,0.001754355,0.3876502351506706,0.38799325
0.0,0.001216614,0.4151497996864657,0.39857268
0.0,-0.0019524363,0.4209850200313534,0.42757723
0.0,-0.0004503671,0.3597587528305173,0.4232818
0.0,0.0026923737,0.3332607559658596,0.3256378
0.0,0.00025960815,0.3134471346455321,0.30881536
0.0,-0.00047359924,0.27765197700749,0.3063174
0.0,0.0010376247,0.256096498867793,0.26306364
0.0,0.0019714264,0.2483887824420832,0.24000552
0.0016693477403101,0.009516898,0.2458630900539975,0.23861808
0.0433119859167754,0.057988234,0.2142266155721999,0.23646307
0.1703645248429295,0.17070794,0.1569195262149451,0.18423682
0.3343248247184873,0.34737724,0.111174011496255,0.1228571
0.4759765684280814,0.49054956,0.098458456714858,0.09660345
0.5625094849303427,0.56182754,0.0875718515937989,0.1058399
0.6263696239414818,0.597739,0.0828906113917436,0.09630631
0.6648556772999059,0.6363101,0.084262323636997,0.08996439
0.6493155674264728,0.63627565,0.0791891656505835,0.09437755
0.5848483928734027,0.56738573,0.0689122104163037,0.08626478
0.4621361580720551,0.45728225,0.0549991290715903,0.07186774
0.2853067047075606,0.2956696,0.0387998606514544,0.055618122
0.1108446899565969,0.119446635,0.0238416652151193,0.03748476
0.0119586001760403,0.02257344,0.0170048771990942,0.0336527
0.0,0.00036215503,0.0200313534227486,0.04079171
0.0,0.00015173154,0.0240811705277826,0.030627713
0.0,0.0033653174,0.0268028218080473,0.027772475
0.0,0.0004974876,0.0284793589966904,0.03196284
0.0,0.0001471308,0.0349024560181153,0.03562529
0.0,0.0011428621,0.0477704232712071,0.0405581
0.0,0.0018428435,0.0630334436509318,0.054754436
0.0,0.0010349262,0.0818454973001219,0.06839463
0.0,-0.00094916346,0.0907289670789061,0.08570856
0.0,0.0003959285,0.094038495035708,0.090494856
0.0016389959632136,0.008349147,0.097543981884689,0.08931931
0.0408534919719549,0.04334644,0.0927974220519073,0.091988266
0.1723677421313018,0.14630526,0.0892266155721999,0.07719487
0.3477099584180654,0.33328968,0.0670397143354816,0.080097556
0.5355571068686071,0.51895785,0.0636866399581954,0.06490916
0.6926579051203448,0.6604692,0.0833913952273123,0.07239066
0.7786141378577716,0.759241,0.1103466295070545,0.09883585
0.7896318329438189,0.7790773,0.1364527085873541,0.12435524
0.7387622545300028,0.73084295,0.1479054171747082,0.14528725
0.6327738489088536,0.6270927,0.1474699529698658,0.15261915
0.4770995841806538,0.47315767,0.1489069848458456,0.15115649
0.2858833884723951,0.2849182,0.1394356383905243,0.14974768
0.1022551370382735,0.1116047,0.1229315450269987,0.13018698
0.0096518651167025,0.016595157,0.1209284096847239,0.12654164
0.0,-0.00079684996,0.129615920571329,0.140868
0.0,0.0022916407,0.1345584392962898,0.13886608
0.0,0.0023510433,0.1533269465249956,0.13356239
0.0,-0.0017765526,0.1616660860477268,0.15741087
0.0,-0.0019943197,0.1608169308482842,0.16666983
0.0,0.0008340024,0.1555478139696917,0.16180775
0.0,0.0020689091,0.1659118620449399,0.15525496
0.0,-0.00038067903,0.1774081170527782,0.1717673
0.0,-0.0023445026,0.1956322940254311,0.18648624
0.0,-0.002383745,0.2142701619926842,0.20491175
0.0012444228609585,0.0055330666,0.2475614004528827,0.22368471
0.0527513885938021,0.033381395,0.2830299599372931,0.2595261
0.2114001274774638,0.16808012,0.3055434593276432,0.29270178
0.4138464807114456,0.40573412,0.2808961853335656,0.3104748
0.6044252891006768,0.6033584,0.2768899146490158,0.281763
0.7326008437794033,0.7238227,0.3321503222435116,0.29074362
0.7823777582177437,0.7794943,0.4080735063577774,0.3655336
0.7722099128903998,0.76103735,0.4333739766591186,0.4403245
0.7054056515008954,0.7081511,0.4672095453753701,0.4363587
0.6036664946732632,0.58569455,0.4580212506531963,0.48618108
0.4519986645218077,0.46542257,0.4254703013412297,0.45569235
0.2659726226970589,0.2646765,0.389566277651977,0.40753606
0.0941208607763984,0.0980465,0.34919874586309,0.3571514
0.0084984975870337,0.009554844,0.3126415258665738,0.33512056
0.0,-0.0024622597,0.2874934680369274,0.3114678
0.0,0.002270372,0.2730142832259188,0.2787431
0.0,0.0014913944,0.250195958892179,0.26242483
0.0,-0.00025645562,0.2154894617662428,0.23561049
0.0,0.0014324228,0.1838094408639609,0.19261837
0.0,0.0031076116,0.1870318759797944,0.1631088
0.0,0.00063293264,0.1993772861870754,0.1862115
0.0,-0.0016079326,0.2180587005748127,0.21243668
0.0,-0.00088040985,0.2329733495906636,0.23409608
0.0,0.0018895825,0.2518289496603379,0.24454457
0.0010926639754757,0.009342503,0.2761931719212681,0.2591632
0.0479558078125474,0.057837903,0.2874934680369274,0.2831025
0.2064224360336297,0.17116262,0.2893877373279916,0.28809503
0.4179743223965763,0.404078,0.2637824420832607,0.28535727
0.6067927277142077,0.61156404,0.2685072287058004,0.26552194
0.7375178316690443,0.72117925,0.3140567845323114,0.28782457
0.8088141560688379,0.7901157,0.3319979097718167,0.34083968
0.8203174795884299,0.80693847,0.3203710155025256,0.34134796
0.7716635809026618,0.7642853,0.3212419439122104,0.31973433
0.6674355783531126,0.6610648,0.3138390524298902,0.3319425
0.4997116581175828,0.51008284,0.2718820762933286,0.3196335
0.2866421828998088,0.30157697,0.2517636300296115,0.24762678
0.0993413664370048,0.09757445,0.2145096673053474,0.22131056
0.0091358849060612,0.014821213,0.1960459850200313,0.20850947
0.0,0.0007003952,0.1935638390524298,0.20907673
0.0,0.003999018,0.1970257794809266,0.19887841
0.0,0.0031295482,0.1921921268071764,0.19678855
0.0,8.709845e-06,0.1766025082738199,0.18754593
0.0,0.0006774265,0.1539365964117749,0.16513139
0.0,0.0037909532,0.1432459501828949,0.14148605
0.0,0.0039405967,0.1306392614527085,0.13857049
0.0,0.0033405018,0.1143964466120884,0.1286962
0.0,0.0026819212,0.0978488068280787,0.1064778
0.0,0.0033719398,0.0860259536666086,0.084730506
0.0008802015357999,0.01062877,0.0806697439470475,0.07182438
0.0492002306735059,0.060228586,0.0837397665911862,0.06877558
0.2122196254590706,0.18052629,0.0851985716774081,0.06952194
0.445655143108629,0.4170397,0.0714596760146316,0.07900798
0.6458251130603697,0.66146123,0.0482058874760494,0.073629275
0.776094940358758,0.7653773,0.0410860477268768,0.059582587
0.8408959844598901,0.8217296,0.044068977530047,0.050363366
0.8423528697605245,0.8280667,0.0410860477268768,0.05470334
0.7908155522505843,0.7726103,0.034292806131336,0.05103291
0.6761465383798222,0.6696676,0.0277608430587005,0.045568153
0.5049018120010926,0.49969494,0.0280003483713638,0.042943202
0.2907093210307463,0.29374188,0.0307655460721128,0.047007617
0.0952135247518742,0.105792075,0.0371450966730534,0.040284168
0.0071933711718821,0.01419696,0.0575465946699181,0.054086342
0.0,-0.00444861,0.0831736631248911,0.08400135
0.0,0.000119606266,0.1129594147361087,0.09518416
0.0,0.00078814244,0.1339270161992684,0.11709583
0.0,-0.0016828687,0.142157289670789,0.14049023
0.0,-0.00032611704,0.1352769552342797,0.14618215
0.0,0.0034823339,0.1276345584392962,0.13386814
0.0,0.004395747,0.1186639958195436,0.12475575
0.0,0.0027137997,0.1123933112698136,0.11400783
0.0,-0.001204924,0.1042065842187772,0.10409914
0.0,-0.0031033955,0.0988939209197004,0.09070286
0.0006373873190275,0.006460813,0.0940820414561923,0.08332987
0.0453759067593407,0.04852384,0.0924925971085176,0.07907815
0.2035693689865541,0.1721362,0.0754441734889392,0.069269635
0.4181260812820591,0.39892873,0.044264936422226,0.05895785
0.611011624730628,0.6169089,0.0196394356383905,0.044648625
0.7419795429022369,0.7271702,0.0173097021424838,0.033484925
0.8120617962181685,0.78690225,0.0189862393311269,0.03426723
0.8234133608522779,0.80028045,0.0212506531963072,0.036088463
0.7766716241235925,0.7549742,0.0253875631423097,0.03724505
0.6673141712447264,0.65323347,0.0278261626894269,0.041927442
0.5016238200746653,0.48869532,0.0259754398188468,0.04467952
0.2887061037423741,0.29005742,0.0241029437380247,0.046278607
0.0920265881567365,0.103065655,0.0222522208674446,0.037787843
0.0057668376483443,0.014590718,0.0281745340533008,0.0450283
0.0,-0.0050858455,0.0388216338616965,0.053055022
0.0,-0.0011986967,0.0493163211983974,0.046761125
0.0,0.0013557058,0.0522774777913255,0.049977235
0.0,-0.0018798963,0.0545418916565058,0.05505693
0.0,-0.00043266197,0.0500566103466295,0.05893997
0.0,0.0033668503,0.051450095802125,0.055597268
0.0,0.0048327832,0.0521250653196307,0.05708112
0.0,0.0036868819,0.0588094408639609,0.05584424
0.0,0.00042658078,0.0607037101550252,0.058083374
0.0,-0.0010344523,0.0653631771468385,0.057000734
0.0005159802106413,0.0065108053,0.0734192649364222,0.058579788
0.0407017330864722,0.041743472,0.0862001393485455,0.06674778
0.1828391052296112,0.15647449,0.0882685943215467,0.07269339
0.3640695662731052,0.36106682,0.0745296986587702,0.08216057
0.5233556924757945,0.54224133,0.0666042501306392,0.07423894
0.6359000819497982,0.6285114,0.0908378331301167,0.07462316
0.6917473518074483,0.6816692,0.1296594669918132,0.10441447
0.6837041308768629,0.6850088,0.1842666782790454,0.1497708
0.6248823868637509,0.62106735,0.2258317366312489,0.2105524
0.5198652381096913,0.5230309,0.2639348545549556,0.24694523
0.374116004492063,0.377347,0.2972696394356384,0.28478196
0.2078489695571675,0.20849018,0.3411208848632642,0.30667785
0.0658937080766078,0.060702305,0.3787449921616443,0.35943943
0.0040064345767444,0.00437095,0.4003875631423097,0.41810814
0.0,-0.0025466783,0.4159771816756663,0.4314502
0.0,0.0014129374,0.4259928583870406,0.42837426
0.0,-0.0016548776,0.4320458108343494,0.43089193
0.0,-0.003580572,0.4274952098937467,0.43300575
0.0,-0.0013803678,0.4282137258317366,0.4231945
0.0,4.8556365e-05,0.4133643964466121,0.42898577
0.0,0.00080559764,0.3909815363177146,0.4097334
0.0,0.00021971075,0.375195958892179,0.380212
0.0,-0.0014543813,0.3596498867793067,0.36672318
0.0,-0.00086400844,0.3473697962027521,0.3513339
0.0005463319877378,0.006045359,0.3464988677930674,0.335782
0.0318693659513764,0.041258235,0.3328470649712594,0.3358257
0.1575257231310893,0.12710275,0.2767592753875631,0.31854367
0.3342337693871976,0.3257445,0.2323201532834001,0.2433846
0.5055999028743133,0.49752897,0.2161208848632642,0.21468401
0.6284942483382402,0.61002815,0.2046246298554258,0.22629233
0.7047075606276747,0.6842396,0.1738373105730709,0.21479824
0.7307797371536103,0.7115315,0.161143529001916,0.17170477
0.7044343946338059,0.67937696,0.1488416652151193,0.16659546
0.6217865055999029,0.6010063,0.1517157289670789,0.15349583
0.4702097307797371,0.4639127,0.1711374325030482,0.15918116
0.2606307099280663,0.27319705,0.194151715728967,0.17522621
0.0779130118068412,0.077438034,0.2042544852813098,0.191362
0.0042492487935168,0.008160124,0.2398319108169308,0.2290082
0.0,-0.001055494,0.3184985194217035,0.2833981
0.0,0.00606879,0.370405852638913,0.3726639
0.0,0.0035668327,0.3528130987632816,0.40862083
0.0,0.0008417878,0.3339792719038495,0.34349644
0.0,-0.00023544685,0.3165171572896708,0.31073967
0.0,0.00045930676,0.2979228357429019,0.30435726
0.0,0.002274719,0.278392266155722,0.29169938
0.0,0.0034584126,0.2610390175927539,0.27223197
0.0,0.0024644793,0.2501088660512106,0.25441048
0.0,0.0016379753,0.244469604598502,0.2436563
0.0004249248793516,0.006823991,0.2385255182024037,0.23835327
0.040580325978086,0.029192585,0.2299251001567671,0.22733223
0.2017179105836646,0.15269965,0.189709980839575,0.20405495
0.4213433696542932,0.40163636,0.1269595889217906,0.15673299
0.6211187665037788,0.620896,0.0971302908900888,0.10962523
0.7700245849394483,0.7363663,0.1122626720083609,0.10385254
0.859076698940723,0.82255125,0.1390437206061661,0.12753011
0.8778948007405833,0.8512813,0.1476223654415607,0.15525728
0.8273894436519258,0.80898166,0.1567017941125239,0.15447536
0.707378517012171,0.6944245,0.165019160425013,0.16433603
0.5220505660606428,0.51465,0.1763194565406723,0.17516786
0.2903147479284912,0.28588718,0.1853117923706671,0.18196827
0.0837102012322821,0.09068204,0.1916913429716077,0.17651398
0.0038243239141651,0.00949427,0.2484758752830517,0.21386394
0.0,-0.003460401,0.3393790280438948,0.30502334
0.0,0.0063361307,0.3746734018463682,0.4034164
0.0,0.0044430536,0.3620231666956976,0.40184623
0.0,-0.00069167186,0.3511801079951228,0.34789187
0.0,-0.0019104914,0.3385080996342101,0.33312413
0.0,-7.49419e-05,0.3221999651628636,0.33073407
0.0,0.001909184,0.3001219299773559,0.3174417
0.0,0.0026609374,0.276737502177321,0.29246807
0.0,0.0016250312,0.2665040933635255,0.26643473
0.0,0.0006048817,0.2579472217383731,0.25887048
0.0003035177709654,0.007190061,0.2567496951750566,0.25028902
0.0368470573952104,0.038114432,0.2542022295767288,0.24610439
0.1992290648617476,0.15948626,0.2339966904720432,0.23256922
0.4191276899262451,0.40676555,0.1690472043198049,0.20749135
0.6134094151212554,0.6284734,0.1155286535446786,0.15126547
0.7495371353992777,0.7345794,0.1030090576554607,0.113708384
0.8203174795884299,0.80267394,0.1161383034314579,0.11102468
0.8267824081099948,0.80818653,0.1282877547465598,0.1294302
0.7717546362339515,0.75662243,0.1340794286709632,0.13766861
0.6481925516739006,0.64317364,0.1476441386518028,0.14076078
0.4682368652684615,0.46207702,0.1584436509318934,0.15877429
0.2542264849606944,0.25158888,0.1664126458805086,0.16093989
0.0725103954836555,0.07629244,0.1838747604946873,0.15864393
0.0028834188241721,0.007257204,0.2498911339487894,0.21170585
0.0,-0.0027440928,0.3252046681762759,0.31029382
0.0,0.0057983752,0.3568193694478314,0.3811401
0.0,0.0034816458,0.3378984497474308,0.37876993
0.0,-0.0005860367,0.3055652325378853,0.32235315
0.0,-0.00067356194,0.2673750217732102,0.27753162
0.0,0.002042812,0.2310355338791151,0.24426734
0.0,0.004684061,0.1946742727747779,0.2141692
0.0,0.0045420434,0.1707455147186901,0.17747234
0.0,0.0008730948,0.1555260407594495,0.15478459
0.0,-0.0022884463,0.1426145270858735,0.14036933
0.0002428142167723,0.004726407,0.1423532485629681,0.12468768
0.036543539624245,0.034474958,0.1479271903849503,0.1264093
0.1982274562175615,0.15376078,0.1454014979968646,0.12612852
0.4191580417033417,0.39584434,0.0976528479358996,0.13069774
0.6250341457492337,0.6294134,0.0574159554084654,0.090901166
0.7663520199107657,0.74958146,0.0585699355512976,0.065923415
0.8379215103044283,0.81448424,0.0711548510712419,0.07432064
0.8466628221082344,0.8224902,0.0665824769203971,0.086741745
0.7904816827025223,0.7724005,0.0644922487371538,0.07614635
0.6694691474185813,0.65233606,0.0750958021250653,0.072449
0.4866603939660667,0.47306716,0.0992858387040585,0.08411827
0.2618144292348317,0.25080052,0.1204929454798815,0.107646465
0.0700519015388351,0.07307697,0.1345584392962898,0.11876695
0.0023674386135308,0.0073961527,0.1842231318585612,0.16117844
0.0,-0.003027646,0.2443171921268071,0.23097518
0.0,0.0052862237,0.275627068454973,0.28642213
0.0,0.0018123123,0.2607341926493642,0.29573095
0.0,-0.0023271074,0.2268550775126284,0.25038865
0.0,0.0007415282,0.1826336875108866,0.20102742
0.0,0.0049629547,0.1394791848110085,0.15802494
0.0,0.006785006,0.1053387911513673,0.11940721
0.0,0.0062841643,0.079646403065668,0.08810868
0.0,-0.0007962804,0.0614439993032572,0.0645921
0.0,-0.004210094,0.0521686117401149,0.052607805
0.0002428142167723,0.003997392,0.0460503396620797,0.045811385
0.0336601208000728,0.03596262,0.047574464379028,0.041880988
0.1924909703463137,0.15688519,0.0438294722173837,0.03825537
0.4137857771572525,0.38486212,0.0305478139696916,0.034268767
0.613834340000607,0.6220499,0.0096673053475004,0.037573494
0.7524509060005463,0.7366773,0.005356209719561,0.028391521
0.8202264242571402,0.8006421,0.0114527085873541,0.024716038
0.8235651197377607,0.80402875,0.0127808744121233,0.03142322
0.7627705102133729,0.74807084,0.0084044591534575,0.030841049
0.6424560658026528,0.62821805,0.006640829123846,0.028670836
0.4650499286733238,0.4546425,0.0052908900888346,0.030387374
0.2442711020730263,0.24802503,0.0054868489810137,0.03386207
0.0628585303669529,0.06584534,0.0101245427625849,0.020172682
0.0019425137341791,0.0076896613,0.0231231492771294,0.040641785
0.0,-0.0062422347,0.042414213551646,0.0471659
0.0,-0.0013778468,0.0607254833652673,0.049405724
0.0,-0.0009062197,0.068041282006619,0.06383838
0.0,-0.0030192817,0.0665389304999129,0.07326191
0.0,-0.00019865797,0.0603117923706671,0.07042292
0.0,0.0043034293,0.0525387563142309,0.064292535
0.0,0.006141935,0.0408683156244556,0.05725404
0.0,0.005446043,0.0303300818672705,0.0434573
0.0,-0.0005456157,0.0225352726005922,0.032200765
0.0,-0.0033161102,0.0164823201532834,0.02610258
0.0001517588854827,0.0062147565,0.015502525692388,0.02076597
0.0301089628797766,0.039005585,0.0161339487894095,0.025648803
0.1702734695116399,0.15126424,0.0169395575683678,0.028584085
0.3838285731629587,0.3462273,0.0107777390698484,0.019913536
0.5820256776034237,0.58898175,0.0028740637519595,0.018592417
0.7207029471575561,0.70847094,0.0015894443476746,0.022053998
0.7838042917412814,0.7703215,0.00812140742031,0.019880295
0.7752147388229581,0.7674302,0.0216861174011496,0.024586804
0.7050717819528334,0.6982053,0.0327469082041456,0.037716396
0.5758642668528242,0.57465726,0.036513673576032,0.047823574
0.404467781588612,0.3988045,0.0316582476920397,0.051060893
0.2061189182626643,0.21541156,0.0247343668350461,0.04896055
0.0510820408534919,0.052565005,0.019922487371538,0.037757218
0.0015479406319239,0.005816005,0.0200095802125065,0.046676923
0.0,-0.004767505,0.0302647622365441,0.0391651
0.0,-0.0019306485,0.0445479881553736,0.035070866
0.0,-0.0020714523,0.0549991290715903,0.048924223
0.0,-0.0034504356,0.0677582302734715,0.06310286
0.0,-0.00089258014,0.0772295767287929,0.07617985
0.0,0.0030023258,0.0866791499738721,0.08482283
0.0,0.0042468766,0.0958021250653196,0.09272538
0.0,0.002132853,0.1067975962375892,0.09949039
0.0,-0.0015484401,0.1314013238111827,0.106977955
0.0,-0.004516553,0.1574203100505138,0.1353342
0.0001517588854827,-0.0002015999,0.1794330256052952,0.16588075
0.0255258445381977,0.028715985,0.1946742727747779,0.18510595
0.1009803624002185,0.1268256,0.1869447831388259,0.18773873
0.2227213403344765,0.23139861,0.1469256227138129,0.17612424
0.3402737730294108,0.35896525,0.1058178017766939,0.1329725
0.4439857953683188,0.42985177,0.1125457237415084,0.10013078
0.5249946884390081,0.48697996,0.1426145270858735,0.12254241
0.5506722918626885,0.53947264,0.1699181327294896,0.16696626
0.5113970922997542,0.5159185,0.1841142658073506,0.19425681
0.4229216620633138,0.42555803,0.1958935725483365,0.1978953
0.3089810908428688,0.29644275,0.2104380769900714,0.20434609
0.1651440191823231,0.16818953,0.2345845671485804,0.20995842
0.0419765077245272,0.032269098,0.2332564013238111,0.24298286
0.0005463319877378,0.00012969808,0.2406592928061313,0.25414377
0.0,-0.0030456125,0.2833130116704407,0.25848776
0.0,0.0013258976,0.3286012889740463,0.31163874
0.0,-0.0007507079,0.3549251001567671,0.36321312
0.0,-0.0011291353,0.3899799686465772,0.37613845
0.0,-0.00026106788,0.4531875979794461,0.41033602
0.0,-0.00017058628,0.510712419439122,0.49518123
0.0,0.0010896168,0.5670614875457237,0.5551959
0.0,0.00084099884,0.5952360215990246,0.6067351
0.0,-0.00025329052,0.6271773210242118,0.6189377
0.0,-0.0016614224,0.6324899843232886,0.6496259
3.0351777096549003e-05,0.0019472846,0.672378505486849,0.6396374
0.0171791058366467,0.01914391,0.6580517331475353,0.6928004
0.1032870974595562,0.086235836,0.5960198571677408,0.6498795
0.2486417579749294,0.23314764,0.55900539975614,0.55539155
0.3991258688196193,0.3774806,0.5563708413168438,0.5455729
0.519076091905181,0.48833925,0.5453100505138477,0.5650513
0.5943181473275261,0.5736128,0.5082302734715206,0.53777003
0.6098582572009591,0.6075951,0.4799686465772513,0.48691702
0.5645127022187149,0.5663962,0.4754398188468908,0.46974647
0.4695116399065165,0.46383315,0.4422139000174185,0.47626615
0.3160227031292682,0.33561796,0.4085960634035882,0.42114344
0.1508483321698485,0.1459977,0.3432328862567497,0.38156438
0.0339029350168452,0.025701594,0.2606035533879115,0.30456385
0.0004552766564482,0.0055199685,0.2517636300296115,0.23174383
0.0,0.0017857642,0.2712724264065493,0.25387165
0.0,0.005422047,0.264936422226093,0.29461923
0.0,0.005059274,0.2573375718515938,0.27227637
0.0,0.002766995,0.2807002264413865,0.25016466
0.0,0.0019639495,0.3004703013412297,0.28993285
0.0,0.0036334242,0.3349590663647448,0.31931287
0.0,0.004724728,0.3492640654938164,0.35925075
0.0,0.0054347557,0.3517026650409336,0.36509538
0.0,0.004840306,0.3456497125936248,0.35588208
0.0,0.004447724,0.3392048423619578,0.34345108
3.0351777096549003e-05,0.0076702666,0.3170832607559659,0.3344981
0.0088020153579992,0.030322123,0.3229620275213377,0.3015976
0.0428263574832306,0.09075123,0.333347848806828,0.31590676
0.1151849940814034,0.1446672,0.3338050862219126,0.33820027
0.1871490575773211,0.23338969,0.356754049817105,0.33648473
0.2404164263817646,0.26433876,0.3569064622887998,0.37656474
0.2722554405560445,0.2788249,0.3367226963943563,0.36979526
0.2939873129571736,0.28367108,0.3022774777913255,0.33158457
0.2676419704373691,0.28669918,0.2739505312663299,0.29088098
0.2346192369563238,0.21179563,0.2587746037275736,0.264734
0.1832943818860594,0.1708237,0.2450574812750391,0.24825698
0.1031049867969769,0.11168721,0.2209327643267723,0.23437475
0.0265881567365769,0.023458343,0.1922139000174185,0.20795456
0.0004552766564482,0.0045868354,0.1977878418394008,0.18879047
0.0,0.00034425186,0.214988677930674,0.20810884
0.0,0.0020176405,0.2324507925448528,0.23367694
0.0,0.0017484161,0.2305347500435464,0.25025547
0.0,0.00032191956,0.2195175056610346,0.23440714
0.0,0.00057188503,0.2025779480926667,0.21292126
0.0,0.0013074598,0.1955669743947047,0.19364426
0.0,0.0013766423,0.1950444173488939,0.19285575
0.0,0.0011426444,0.19284532311444,0.19871551
0.0,0.001244548,0.1835263891308134,0.19636475
0.0,0.0016361699,0.1811313360041804,0.18088691
3.0351777096549003e-05,0.0027759385,0.1836788016025082,0.1773519
0.0067077427383373,0.008680435,0.1863351332520466,0.18214223
0.036543539624245,0.04254951,0.1904938164082912,0.18334788
0.0869274896045163,0.108870804,0.1917348893920919,0.18287022
0.1330014872370777,0.16669445,0.1945000870928409,0.18466091
0.1676632166813366,0.18921566,0.2035795157638042,0.1929728
0.1711840228245363,0.19345134,0.2265067061487545,0.20890437
0.1663580902661851,0.16143298,0.2803954014979968,0.24139166
0.1418945579263666,0.1403217,0.3632206932590141,0.3168629
0.1053813700792181,0.106037915,0.4276911687859258,0.42757222
0.0638601390111391,0.07686992,0.4678409684723915,0.47944343
0.0277415242662457,0.035694547,0.5144138651802822,0.49770477
0.004977691443834,0.008589333,0.5393006444870232,0.5479139
0.0001214071083861,0.0011502673,0.5671921268071765,0.5636553
0.0,0.0005859401,0.5797552691168786,0.58674026
0.0,0.00042199355,0.5836091273297335,0.59080505
0.0,6.294926e-05,0.5470519073332172,0.5862796
0.0,0.0012837595,0.5105817801776694,0.5261146
0.0,0.0010799416,0.4942300992858387,0.4860822
0.0,0.00045366923,0.4596760146315973,0.48450142
0.0,0.0016129194,0.4244469604598502,0.44247204
0.0,0.0009971121,0.3925056610346629,0.4027942
0.0,-0.00053229614,0.3447352377634558,0.37388277
0.0,-0.0004244395,0.3144487023166695,0.31816578
3.0351777096549003e-05,0.0005839385,0.292784358125762,0.2924503
0.0122014143928127,0.008432895,0.2385037449921616,0.27806777
0.0871399520441921,0.04549744,0.1866399581954363,0.2080914
0.2130087716635809,0.17430922,0.1451402194739592,0.14665264
0.3136856162928339,0.31693396,0.1163560355338791,0.12307379
0.3813093756639451,0.36085564,0.1060573070893572,0.11402784
0.4171548244149695,0.37802225,0.1047944608953144,0.111182585
0.415030200018211,0.38293374,0.1069717819195262,0.11399743
0.3868637508726136,0.34614256,0.0976746211461417,0.117932715
0.3221537621027711,0.29824707,0.0850897056261975,0.097152375
0.2373812486721097,0.2087917,0.07596673053475,0.07316278
0.1264455033842231,0.11438988,0.080952795680195,0.06311175
0.0271951922785079,0.025951922,0.0901193171921268,0.079366446
0.0001517588854827,0.0028535314,0.0968907855774255,0.10845179
0.0,0.0007494566,0.1002220867444696,0.10823989
0.0,0.0042550657,0.1134166521511931,0.09654164
0.0,0.0021139162,0.1161818498519421,0.11174126
0.0,0.0010307997,0.124085525169831,0.11588566
0.0,0.0017792345,0.1234758752830517,0.12461153
0.0,0.0032513868,0.112654589792719,0.124253415
0.0,0.00396852,0.1085829994774429,0.10909168
0.0,0.0022089374,0.1026824595018289,0.10434167
0.0,0.00034276862,0.0842405504267549,0.09858329
0.0,0.0011106944,0.0816059919874586,0.073615
6.0703554193098006e-05,0.0042223865,0.0796246298554258,0.07324523
0.0154794063192399,0.019109974,0.0840010451140916,0.075974725
0.114274440768507,0.08327371,0.0778827730360564,0.0810771
0.2647585516131969,0.24008137,0.0601376066887301,0.06975568
0.3864084742161653,0.41768032,0.0493380944086396,0.05638078
0.4726682247245576,0.46835208,0.0484018463682285,0.056618046
0.5269372021731873,0.5004087,0.0526258491551994,0.059274204
0.512550459829423,0.520689,0.0541717470823898,0.0651413
0.4310255865480924,0.44904846,0.049599372931545,0.07038698
0.3225786869821228,0.31875446,0.0490332694652499,0.064055495
0.2162260600358151,0.19754645,0.0491639087267026,0.06367494
0.1073845873675903,0.10649963,0.0478357429019334,0.061256334
0.0217925759553221,0.023377635,0.0446350809963421,0.05670061
6.0703554193098006e-05,0.0019685428,0.0458326075596585,0.059145667
0.0,-0.0021081297,0.0566974394704755,0.051790453
0.0,-0.00034021074,0.0641438773732799,0.059288356
0.0,-0.00077611115,0.066386518028218,0.069209754
0.0,-0.00064820854,0.0626415258665737,0.07093448
0.0,0.001500383,0.0596803692736457,0.06465474
0.0,0.0039224667,0.0614657725134993,0.06250931
0.0,0.004059048,0.064535795157638,0.065351
0.0,0.0025961315,0.0655155896185333,0.06692071
0.0,0.00044332817,0.0690428496777565,0.06322196
0.0,-0.00093081815,0.0699137780874412,0.06468919
3.0351777096549003e-05,0.0034875055,0.0673880856993555,0.06587682
0.0101981971044404,0.025282819,0.0729838007315798,0.063491136
0.0818587428293926,0.0841552,0.0751828949660338,0.07344206
0.1916107688105138,0.1879968,0.0716338616965685,0.07427944
0.2856709260327192,0.31342274,0.0678017766939557,0.076021634
0.3618842383221538,0.35771805,0.0721564187423793,0.08031608
0.3944516951467508,0.39138114,0.0753570806479707,0.0860219
0.4034661729444259,0.3829897,0.0769465249956453,0.09076168
0.3723252496433666,0.36385185,0.0802778261626894,0.09179583
0.2956566606974838,0.29548746,0.076707019682982,0.09363517
0.1966188120314444,0.1921055,0.0745079254485281,0.083217554
0.0910856830667435,0.08796425,0.0656244556697439,0.07864862
0.0153883509879503,0.018012006,0.0597021424838878,0.0726783
6.0703554193098006e-05,0.00058268826,0.0604642048423619,0.07441228
0.0,-0.00072577153,0.05900539975614,0.06723862
0.0,0.0011947299,0.051820240376241,0.060868926
0.0,0.00023041642,0.0445044417348893,0.05284717
0.0,0.00024699885,0.0369709109911165,0.04819359
0.0,0.0023368325,0.0345323114439993,0.04427722
0.0,0.003892375,0.0304607211287232,0.044345245
0.0,0.0047207465,0.02950269987807,0.04109104
0.0,0.003948882,0.0345540846542414,0.037807025
0.0,0.0014933607,0.0379071590315276,0.039390966
0.0,0.0006526245,0.042784358125762,0.04111445
3.0351777096549003e-05,0.004145534,0.0501437031875979,0.045405436
0.0105320666525025,0.017634653,0.057524821459676,0.053786315
0.0788235651197377,0.07200211,0.0661252395053126,0.064105034
0.2039335903117127,0.17934036,0.0684549730012193,0.06700942
0.3430357847451968,0.33461627,0.0740506880334436,0.07127396
0.4467781588612013,0.44881743,0.0842187772165128,0.08255196
0.5009864327556378,0.4892367,0.0804302386343842,0.09773965
0.5165568944061675,0.49498516,0.0793851245427625,0.08836445
0.4955534646553555,0.46383163,0.0796899494861522,0.08589989
0.4316629738671199,0.40125751,0.073375718515938,0.08814169
0.3117127507815582,0.30202442,0.0705669743947047,0.0768452
0.1500288341882417,0.15617609,0.0806479707368054,0.07033288
0.024493884116915,0.024893608,0.0958456714858038,0.08618821
3.0351777096549003e-05,-0.0023785604,0.1373454102072809,0.12577727
0.0,-0.0026978585,0.1826772339313708,0.17353156
0.0,0.0005490959,0.2290106253265981,0.21299875
0.0,-0.0025392268,0.2547465598327817,0.2583853
0.0,-0.0041280063,0.2619752656331649,0.27448702
0.0,-0.0021806057,0.269922487371538,0.26913354
0.0,-0.0010731097,0.2756923880856993,0.27782482
